grid_id,weight
1,0.000394438
71,0.00101039
141,0.00101039
211,0.000615952
281,0
351,0
421,0
491,0
561,0
631,0
701,0.000282664
771,0.001337703
841,0.003421037
911,0.006632747
981,0.013216596
1051,0.023200564
1121,0.027738715
1191,0.022521602
1261,0.016807307
1331,0.024141164
1401,0.031396963
1471,0.03763577
1541,0.026959544
1611,0.018846035
1681,0.006385096
1751,0.003149263
1821,0.005188294
1891,0.005188294
1961,0.006112676
2031,0.009803142
2101,0.00967227
2171,0.008771057
2241,0.016563186
2311,0.02867479
2381,0.050683793
2451,0.041437555
2521,0.052242618
2591,0.035700563
2661,0.03268319
2731,0.023115752
2801,0.02056566
2871,0.021281237
2941,0.010015346
3011,0.009787659
3081,0.007638889
3151,0.005555556
3221,0.001388889
3291,0
3361,0
3431,0
3501,0
3571,0
3641,0
3711,0
3781,0
3851,0.000132908
3921,0.000177211
3991,0.000199362
4061,6.65E-05
4131,0.000173942
4201,0.000151791
4271,0.000303582
4341,0.000227687
4411,0.000227687
4481,7.59E-05
4551,4.43E-05
4621,4.43E-05
4691,4.43E-05
4761,0
4831,0
2,0.000394438
72,0.001120129
142,0.001229868
212,0.00083543
282,0.000316508
352,0.00022892
422,0.00022892
492,2.22E-05
562,0
632,0
702,0.006587641
772,0.015674189
842,0.024701966
912,0.025775366
982,0.026693704
1052,0.03115473
1122,0.03415097
1192,0.037104722
1262,0.0434328
1332,0.04844549
1402,0.041471697
1472,0.031901553
1542,0.020987183
1612,0.015784359
1682,0.007057389
1752,0.005341318
1822,0.0074025
1892,0.006642619
1962,0.007612321
2032,0.01613129
2102,0.018149186
2172,0.019067526
2242,0.026870111
2312,0.03273172
2382,0.049682286
2452,0.03371006
2522,0.043191668
2592,0.025676517
2662,0.025600405
2732,0.0201445
2802,0.023681944
2872,0.024103165
2942,0.013521411
3012,0.00839877
3082,0.005555556
3152,0.004166667
3222,0.001388889
3292,0.000694444
3362,0
3432,0
3502,0
3572,0
3642,4.43E-05
3712,4.43E-05
3782,4.43E-05
3852,6.65E-05
3922,8.86E-05
3992,0.000110757
4062,4.43E-05
4132,9.80E-05
4202,9.80E-05
4272,0.000173942
4342,0.000173942
4412,0.000151791
4482,7.59E-05
4552,2.22E-05
4622,2.22E-05
4692,2.22E-05
4762,0
4832,0
3,0.003248112
73,0.002584914
143,0.001611812
213,0.001206915
283,0.000753429
353,0.000359793
423,0.000294356
493,0.000175176
563,0.000153024
633,0.00022892
703,0.012143198
773,0.025450157
843,0.03648537
913,0.034856886
983,0.0302968
1053,0.031538706
1123,0.033687476
1193,0.043466493
1263,0.054478478
1333,0.056171957
1403,0.040632654
1473,0.02523475
1543,0.016360424
1613,0.01419916
1683,0.00920616
1753,0.006914824
1823,0.00817284
1893,0.010082015
1963,0.016509226
2033,0.029856695
2103,0.02775121
2173,0.023113994
2243,0.030452074
2313,0.03284146
2383,0.050289135
2453,0.027935022
2523,0.036093183
2593,0.015325286
2663,0.018080696
2733,0.013687733
2803,0.023639893
2873,0.02400737
2943,0.017180502
3013,0.008420922
3083,0.009180802
3153,0.012111604
3223,0.009409722
3293,0.005112183
3363,7.59E-05
3433,0
3503,0
3573,0
3643,4.43E-05
3713,4.43E-05
3783,4.43E-05
3853,0
3923,0
3993,2.22E-05
4063,2.22E-05
4133,2.22E-05
4203,2.22E-05
4273,2.22E-05
4343,9.80E-05
4413,7.59E-05
4483,7.59E-05
4553,0
4623,0
4693,0
4763,0
4833,0
4,0.011925753
74,0.010624453
144,0.007004447
214,0.00367479
284,0.001212502
354,0.000927587
424,0.001212502
494,0.001027885
564,0.000743988
634,0.001781292
704,0.018574873
774,0.03610224
844,0.04567267
914,0.04113848
984,0.03027465
1054,0.031549167
1124,0.032938056
1194,0.04826115
1264,0.05705418
1334,0.053885546
1404,0.03259335
1474,0.017189728
1544,0.011898384
1614,0.013614456
1684,0.013591287
1754,0.013990141
1824,0.015746292
1894,0.017677618
1964,0.019188957
2034,0.031236142
2104,0.03401288
2174,0.032294776
2244,0.03329425
2314,0.022834321
2384,0.037352215
2454,0.023047538
2524,0.035246734
2594,0.015435025
2664,0.013115086
2734,0.00427054
2804,0.01423541
2874,0.017813364
2944,0.017324084
3014,0.010569691
3084,0.013478342
3154,0.017114049
3224,0.014498521
3294,0.007423202
3364,0.000922131
3434,0
3504,0
3574,0
3644,4.43E-05
3714,4.43E-05
3784,4.43E-05
3854,0
3924,0
3994,0
4064,0
4134,0
4204,2.22E-05
4274,2.22E-05
4344,2.22E-05
4414,0
4484,0
4554,0
4624,0
4694,0
4764,0
4834,0
5,0.012132522
75,0.012761531
145,0.011875
215,0.008469447
285,0.005157524
355,0.003236657
425,0.003959511
495,0.002628783
565,0.001257822
635,0.004063494
705,0.014868602
775,0.024266416
845,0.026205858
915,0.02779101
985,0.035771567
1055,0.05030473
1125,0.052333083
1195,0.051517908
1265,0.044612948
1335,0.041086987
1405,0.02868001
1475,0.024050066
1545,0.023683824
1615,0.025530769
1685,0.022532493
1755,0.016008038
1825,0.013401213
1895,0.014703531
1965,0.016213853
2035,0.022705482
2105,0.027421841
2175,0.027984396
2245,0.03246655
2315,0.020837342
2385,0.03134036
2455,0.025227688
2525,0.036027532
2595,0.022117725
2665,0.014881913
2735,0.005809832
2805,0.011913065
2875,0.021297647
2945,0.024573559
3015,0.019099334
3085,0.01916477
3155,0.019967722
3225,0.018046638
3295,0.007499098
3365,0.001616576
3435,0
3505,0
3575,0
3645,6.65E-05
3715,6.65E-05
3785,6.65E-05
3855,0
3925,0
3995,0
4065,0
4135,0.000164501
4205,0.000164501
4275,0.000164501
4345,0
4415,0
4485,0
4555,0
4625,0
4695,0
4765,0
4835,0
6,0.014291752
76,0.016255904
146,0.020034175
216,0.014555748
286,0.009767349
356,0.005251154
426,0.007450486
496,0.006249396
566,0.003366081
636,0.007418685
706,0.012604035
776,0.017126272
846,0.016258724
916,0.020621656
986,0.038269453
1056,0.060423773
1126,0.06961381
1196,0.06352696
1266,0.047241714
1336,0.041480623
1406,0.0316984
1476,0.028282171
1546,0.026374012
1616,0.02609434
1686,0.023747226
1756,0.016540017
1826,0.012587588
1896,0.009744374
1966,0.005709598
2036,0.006721567
2106,0.015702639
2176,0.025565177
2246,0.034954503
2316,0.023652261
2386,0.022230545
2456,0.023852034
2526,0.030092806
2596,0.027228674
2666,0.01347189
2736,0.008425144
2806,0.010837696
2876,0.02762766
2946,0.03346813
3016,0.02749577
3086,0.021467581
3156,0.018272782
3226,0.021136915
3296,0.00933136
3366,0.005012902
3436,0
3506,0
3576,0
3646,6.65E-05
3716,6.65E-05
3786,6.65E-05
3856,0.000130873
3926,0.000130873
3996,0.000130873
4066,0
4136,0.000186652
4206,0.000186652
4276,0.000186652
4346,0
4416,0
4486,0
4556,6.65E-05
4626,6.65E-05
4696,6.65E-05
4766,0
4836,0
7,0.006043409
77,0.008284052
147,0.019293718
217,0.01777417
287,0.016667143
357,0.007400726
427,0.012031946
497,0.01042031
567,0.008627326
637,0.01660778
707,0.021294734
777,0.020409629
847,0.012421445
917,0.011465468
987,0.03083835
1057,0.058046255
1127,0.07167515
1197,0.0627568
1267,0.04059163
1337,0.03664166
1407,0.032392845
1477,0.02812813
1547,0.02689328
1617,0.027960228
1687,0.02722148
1757,0.014479852
1827,0.007791914
1897,0.002083333
1967,0.001596675
2037,0.000283682
2107,0.00438253
2177,0.014885768
2247,0.028075278
2317,0.025482105
2387,0.017919114
2457,0.0246844
2527,0.026163267
2597,0.032065164
2667,0.015704025
2737,0.017488586
2807,0.016548093
2877,0.027240062
2947,0.029355207
3017,0.022634657
3087,0.022162026
3157,0.018131452
3227,0.022992564
3297,0.009798118
3367,0.006944445
3437,0.000694444
3507,0
3577,0
3647,6.65E-05
3717,6.65E-05
3787,6.65E-05
3857,0.000130873
3927,0.000130873
3997,0.000130873
4067,0
4137,0.000186652
4207,0.000186652
4277,0.000186652
4347,0
4417,0
4487,0
4557,6.65E-05
4627,6.65E-05
4697,6.65E-05
4767,0
4837,0
8,0.00583664
78,0.006037235
148,0.017101662
218,0.015733907
288,0.017040232
358,0.006867648
428,0.019790912
498,0.037825983
568,0.04210518
638,0.048626747
708,0.040943254
778,0.04274847
848,0.036380872
918,0.03118212
988,0.03624877
1058,0.052650925
1128,0.06077924
1198,0.055139586
1268,0.03242844
1338,0.025060005
1408,0.020455396
1478,0.014019762
1548,0.011471923
1618,0.015427597
1688,0.024861028
1758,0.019835414
1828,0.015316169
1898,0.004428413
1968,0.003060442
2038,0.000227687
2108,0.003146797
2178,0.012382577
2248,0.026444482
2318,0.025814623
2388,0.016710948
2458,0.024275392
2528,0.022062035
2598,0.03365015
2668,0.018351948
2738,0.021394523
2808,0.015330157
2878,0.016972201
2948,0.019956963
3018,0.017774561
3088,0.025006259
3158,0.021680802
3228,0.025716595
3298,0.011133264
3368,0.008355485
3438,0.000694444
3508,0
3578,0
3648,0
3718,0
3788,0
3858,0.000130873
3928,0.000130873
3998,0.000130873
4068,0
4138,2.22E-05
4208,2.22E-05
4278,2.22E-05
4348,0
4418,0
4488,0
4558,6.65E-05
4628,6.65E-05
4698,6.65E-05
4768,0
4838,0
9,0.002212627
79,0.001772522
149,0.011338321
219,0.013442788
289,0.01950878
359,0.012151607
429,0.04572308
499,0.08758431
569,0.096354544
639,0.08695006
709,0.05910167
779,0.057258293
849,0.043539774
919,0.034765102
989,0.0328873
1059,0.04482198
1129,0.05003786
1199,0.051796477
1269,0.034541614
1339,0.021030659
1409,0.011111111
1479,0.003472222
1549,0.003767596
1619,0.009829774
1689,0.022778712
1759,0.021995664
1829,0.02031861
1899,0.008780714
1969,0.005992262
2039,0.001607134
2109,0.006013396
2179,0.011525882
2249,0.025358064
2319,0.021885207
2389,0.016372936
2459,0.031229904
2529,0.031155445
2599,0.047041092
2669,0.025450436
2739,0.02627677
2809,0.013202522
2879,0.00679848
2949,0.007349558
3019,0.009421415
3089,0.024157772
3159,0.023288153
3229,0.024502883
3299,0.009918316
3369,0.007140538
3439,0.000846236
3509,0
3579,0
3649,0
3719,0
3789,0
3859,0
3929,0
3999,0
4069,0
4139,2.22E-05
4209,2.22E-05
4279,2.22E-05
4349,0
4419,0
4489,0
4559,0.000155059
4629,0.000155059
4699,0.000155059
4769,0
4839,0
10,0.003938355
80,0.001969178
150,0.008453532
220,0.01417257
290,0.019226247
360,0.015364412
430,0.05181405
500,0.11651502
570,0.12750435
640,0.10726293
710,0.060894486
780,0.05524243
850,0.04405904
920,0.032440137
990,0.032679513
1060,0.03800823
1130,0.038785238
1200,0.040466726
1270,0.03272749
1340,0.020183193
1410,0.00839877
1480,0.002410516
1550,0.004093761
1620,0.009470935
1690,0.023799106
1760,0.030289719
1830,0.028625378
1900,0.014123049
1970,0.006091541
2040,0.003908928
2110,0.012930254
2180,0.015696554
2250,0.026926376
2320,0.017827017
2390,0.015059697
2460,0.030256597
2530,0.030697472
2600,0.046074536
2670,0.022547023
2740,0.020144131
2810,0.004931788
2880,0.000567794
2950,0.002076882
3020,0.008239294
3090,0.029761614
3160,0.03228832
3230,0.032114163
3300,0.012001649
3370,0.009940469
3440,0.004340609
3510,0.002799929
3580,0.000694444
3650,0
3720,0
3790,0
3860,0
3930,0
4000,0
4070,4.43E-05
4140,0.002512395
4210,0.002774943
4280,0.002797094
4350,0.000373305
4420,0.000110757
4490,4.43E-05
4560,0.000430317
4630,0.000430317
4700,0.000430317
4770,0
4840,0
11,0.011838988
81,0.008480923
151,0.011894985
221,0.019013373
291,0.025557822
361,0.030178221
431,0.06654123
501,0.11552859
571,0.113031544
641,0.080147825
711,0.044639725
781,0.042764585
851,0.030723048
921,0.016292522
991,0.012744404
1061,0.018224066
1131,0.020324524
1201,0.028614573
1271,0.031654097
1341,0.022636995
1411,0.011005595
1481,0.008369149
1551,0.011906807
1621,0.01274462
1691,0.017585615
1761,0.026257606
1831,0.032343104
1901,0.024539717
1971,0.013090964
2041,0.013833611
2111,0.021140622
2181,0.020510597
2251,0.023336945
2321,0.014518493
2391,0.01711042
2461,0.029387994
2531,0.03182585
2601,0.041690636
2671,0.01840149
2741,0.013915263
2811,0.001502851
2881,0.000567794
2951,0.000839999
3021,0.011596342
3091,0.03700938
3161,0.045288753
3231,0.041887403
3301,0.019273061
3371,0.012696094
3441,0.005729498
3511,0.002799929
3581,0.000694444
3651,0
3721,0
3791,0
3861,0
3931,0
4001,0
4071,0.000120198
4141,0.006324165
4211,0.006950576
4281,0.006896833
4351,0.000737168
4421,0.000110757
4491,4.43E-05
4561,0.000430317
4631,0.000430317
4701,0.000430317
4771,0
4841,0
12,0.012514272
82,0.008884002
152,0.009270231
222,0.01911142
292,0.022914777
362,0.030388879
432,0.04336512
502,0.06955359
572,0.062179748
642,0.0409842
712,0.0240821
782,0.03568125
852,0.03817106
922,0.030149208
992,0.018178744
1062,0.014499753
1132,0.008053443
1202,0.008409229
1272,0.017862236
1342,0.021454873
1412,0.021022176
1482,0.018287681
1552,0.02106546
1622,0.023181403
1692,0.025179185
1762,0.034469727
1832,0.047729608
1902,0.04770644
1972,0.044981167
2042,0.049132165
2112,0.052944582
2182,0.04867987
2252,0.044320624
2322,0.03700848
2392,0.04531945
2462,0.042874414
2532,0.046278115
2602,0.041178863
2672,0.023748241
2742,0.012504223
2812,0.00082954
2882,0.002044271
2952,0.006646626
3022,0.018770726
3092,0.038365446
3162,0.041001674
3232,0.035560276
3302,0.017113833
3372,0.013955344
3442,0.009766526
3512,0.006988747
3582,0.002777778
3652,0
3722,0
3792,0
3862,0
3932,0
4002,0
4072,0.000120198
4142,0.006389602
4212,0.007091908
4282,0.00721334
4352,0.000988239
4422,0.000285932
4492,6.65E-05
4562,0.000297409
4632,0.000297409
4702,0.000275258
4772,0
4842,0
13,0.009964807
83,0.007609268
153,0.006492453
223,0.014857165
293,0.018714264
363,0.027618432
433,0.032178644
503,0.03590532
573,0.026676355
643,0.011482247
713,0.008588412
783,0.028690467
853,0.04498987
923,0.04745114
993,0.028097274
1063,0.011721975
1133,0.003192332
1203,0.003548118
1273,0.015259634
1343,0.022324493
1413,0.029662574
1483,0.028770804
1553,0.03671332
1623,0.04504345
1693,0.049795836
1763,0.055953708
1833,0.07187314
1903,0.07679969
1973,0.072064504
2043,0.06256598
2113,0.052279264
2183,0.04452018
2253,0.038413484
2323,0.040334348
2393,0.054397177
2463,0.045446783
2533,0.047202844
2603,0.034962837
2673,0.02465489
2743,0.010810304
2813,0.001858421
2883,0.004680502
2953,0.012005872
3023,0.020018281
3093,0.028529497
3163,0.027834838
3233,0.025171213
3303,0.016419388
3373,0.013238747
3443,0.008377637
3513,0.005599858
3583,0.002105485
3653,0
3723,0
3793,0
3863,0
3933,2.22E-05
4003,2.22E-05
4073,0.000120198
4143,0.003986946
4213,0.004426704
4283,0.004525984
4353,0.000637085
4423,0.000197327
4493,2.22E-05
4563,2.22E-05
4633,2.22E-05
4703,0
4773,0
4843,0
14,0.002064172
84,0.001097522
154,0.000153024
224,0.009984771
294,0.012562498
364,0.015690034
434,0.008936818
504,0.009730885
574,0.010403772
644,0.007270263
714,0.006752143
784,0.0225462
854,0.046604905
924,0.056948666
994,0.03853908
1064,0.014404479
1134,0.001207046
1204,9.80E-05
1274,0.011137269
1344,0.018863747
1414,0.03861424
1484,0.044005293
1554,0.05798234
1624,0.06588646
1694,0.068902165
1764,0.06713032
1834,0.07278969
1904,0.08067811
1974,0.08297142
2044,0.07455102
2114,0.057015043
2184,0.044219423
2254,0.04369196
2324,0.05619442
2394,0.06862257
2464,0.0517973
2534,0.04407974
2604,0.029991984
2674,0.022418534
2744,0.01075723
2814,0.006564797
2884,0.011623236
2954,0.018739935
3024,0.017984686
3094,0.017721923
3164,0.011318897
3234,0.012893421
3304,0.010810087
3374,0.0113632
3444,0.00907208
3514,0.006294303
3584,0.002105485
3654,0
3724,0
3794,0
3864,0
3934,2.22E-05
4004,2.22E-05
4074,6.65E-05
4144,0.000307066
4214,0.000382962
4284,0.000535986
4354,0.000273223
4424,0.000197327
4494,2.22E-05
4564,0.000173942
4634,0.000173942
4704,0.000151791
4774,0
4844,0
15,0.000173942
85,9.80E-05
155,0.000153024
225,0.005916366
295,0.00927545
365,0.011587703
435,0.006162003
505,0.00571157
575,0.006330119
645,0.006046221
715,0.007998682
785,0.014469177
855,0.033558052
925,0.050741542
995,0.043533627
1065,0.02853552
1135,0.012046475
1205,0.01607027
1275,0.02909478
1345,0.035389084
1415,0.056528464
1485,0.056527447
1555,0.06859531
1625,0.07252228
1695,0.08008661
1765,0.078709416
1835,0.07522419
1905,0.075622745
1975,0.07760776
2045,0.06790861
2115,0.052933175
2185,0.035067372
2255,0.039094206
2325,0.056557372
2395,0.059744567
2465,0.038650457
2535,0.023509694
2605,0.018178744
2675,0.025637975
2745,0.0231044
2815,0.028678818
2885,0.029590033
2955,0.025332188
3025,0.015263919
3095,0.010591842
3165,0.008443073
3235,0.011428637
3305,0.011624946
3375,0.011537358
3445,0.008573947
3515,0.003516525
3585,0.000738747
3655,0.000694444
3725,0.000694444
3795,0
3865,0
3935,2.22E-05
4005,0.000120198
4075,0.000229937
4145,0.000470549
4215,0.000448398
4285,0.000644707
4355,0.000381944
4425,0.0003282
4495,0.00047462
4565,0.002443691
4635,0.002497435
4705,0.002044966
4775,7.59E-05
4845,0
16,0.000196094
86,0.000120198
156,0.0003282
226,0.003291613
296,0.006628546
366,0.011412527
436,0.009270015
506,0.011494682
576,0.008012
646,0.008535686
716,0.010635127
786,0.012587588
856,0.020444939
926,0.044194937
996,0.053967748
1066,0.056754757
1136,0.03459918
1206,0.031803418
1276,0.037568208
1346,0.03828604
1416,0.056968763
1486,0.056924462
1556,0.062438708
1626,0.052305978
1696,0.061285093
1766,0.071921565
1836,0.078637265
1906,0.08004199
1976,0.098476656
2046,0.1021342
2116,0.09661002
2186,0.06994968
2256,0.06769545
2326,0.081377774
2396,0.0789253
2466,0.06099288
2536,0.045737255
2606,0.033756953
2676,0.04118261
2746,0.030857129
2816,0.037947517
2886,0.03573233
2956,0.030053997
3026,0.01952021
3096,0.010613994
3166,0.012056626
3236,0.014347746
3306,0.015303936
3376,0.012991683
3446,0.010700564
3516,0.004188818
3586,0.00141104
3656,0.001388889
3726,0.001388889
3796,2.22E-05
3866,2.22E-05
3936,2.22E-05
4006,0.000120198
4076,0.000273223
4146,0.005331661
4216,0.007436128
4286,0.007589152
4356,0.002552865
4426,0.000350351
4496,0.000496771
4566,0.002617633
4636,0.002747273
4706,0.002294804
4776,0.000151791
4846,0
17,0.000196094
87,0.000458857
157,0.001586824
227,0.001607958
297,0.00279952
367,0.008801849
437,0.012107187
507,0.019805172
577,0.014813186
647,0.014936783
717,0.010591842
787,0.008377637
857,0.006294303
927,0.033235896
997,0.057459846
1067,0.06853865
1137,0.047478348
1207,0.035256267
1277,0.036873765
1347,0.035507243
1417,0.05731849
1487,0.056180675
1557,0.05600849
1627,0.045086488
1697,0.07333744
1767,0.09886887
1837,0.10172576
1907,0.090498336
1977,0.106393926
2047,0.10836434
2117,0.10973996
2187,0.08955207
2257,0.09593373
2327,0.10443858
2397,0.09191936
2467,0.07458539
2537,0.064416334
2607,0.050012056
2677,0.053038415
2747,0.031170806
2817,0.039698
2887,0.032261815
2957,0.030199965
3027,0.021260468
3097,0.013765291
3167,0.015770478
3237,0.015441261
3307,0.017091898
3377,0.014172786
3447,0.012089453
3517,0.008355485
3587,0.008119096
3657,0.0074025
3727,0.005319167
3797,0.000716596
3867,0.000716596
3937,2.22E-05
4007,0.002247834
4077,0.004462041
4147,0.010799628
4217,0.011493056
4287,0.009650334
4357,0.003748435
4427,0.000960198
4497,0.001041181
4567,0.002596715
4637,0.002671377
4707,0.002218909
4777,0.000227687
4847,0
18,2.22E-05
88,0.000426247
158,0.001499236
228,0.001477085
298,0.001214322
368,0.00528634
438,0.010197797
508,0.026988992
578,0.023949469
648,0.022597825
718,0.008465224
788,0.006359739
858,0.002799929
928,0.023084024
998,0.05224344
1068,0.06058878
1138,0.045603275
1208,0.022578686
1278,0.017164154
1348,0.01782296
1418,0.049822543
1488,0.0734827
1558,0.08440087
1628,0.07457193
1698,0.08691581
1768,0.103522815
1838,0.0965192
1908,0.088139355
1978,0.098501086
2048,0.10787826
2118,0.11555611
2188,0.10898074
2258,0.12046766
2328,0.12168758
2398,0.09743627
2468,0.07156814
2538,0.06337225
2608,0.04809989
2678,0.042972576
2748,0.0125082
2818,0.020296322
2888,0.015574169
2958,0.022033187
3028,0.02112654
3098,0.024096385
3168,0.029577682
3238,0.028466433
3308,0.05251245
3378,0.046029642
3448,0.04394631
3518,0.01603766
3588,0.018342659
3658,0.014805
3728,0.011354928
3798,0.00497085
3868,0.004341843
3938,0.002236358
4008,0.005068898
4078,0.008527261
4148,0.016231587
4218,0.014093491
4288,0.014260374
4358,0.009097222
4428,0.006362729
4498,0.002672046
4568,0.000446147
4638,0.000467066
4708,0.000467066
4778,0.000151791
4848,0
19,9.80E-05
89,0.000502142
159,0.001422107
229,0.001324061
299,0.000985402
369,0.002301794
439,0.008074577
509,0.03013438
579,0.03363921
649,0.03357501
719,0.01144977
789,0.00570858
859,0.000120198
929,0.012579772
999,0.037133843
1069,0.037709627
1139,0.033028673
1209,0.010682143
1279,0.017550692
1349,0.026178753
1419,0.0582573
1489,0.078968234
1559,0.09295911
1629,0.101095
1699,0.10681694
1769,0.102750935
1839,0.069901146
1909,0.057941314
1979,0.061779678
2049,0.08903528
2119,0.13232853
2189,0.16807975
2259,0.18796122
2329,0.15999666
2399,0.10029078
2469,0.05199756
2539,0.042979505
2609,0.037091214
2679,0.033179585
2749,0.007609145
2819,0.020141972
2889,0.01702646
2959,0.020220026
3029,0.014786919
3099,0.027771508
3169,0.04183547
3239,0.050272193
3309,0.077319644
3379,0.09347135
3449,0.08322893
3519,0.047363553
3589,0.021251308
3659,0.018538969
3729,0.015088897
3799,0.009377112
3869,0.00666477
3939,0.006177094
4009,0.009573205
4079,0.014485895
4149,0.016973538
4219,0.012861851
4289,0.01634793
4359,0.014761499
4429,0.011244974
4499,0.002649895
4569,0.000348101
4639,0.000293123
4709,0.000293123
4779,7.59E-05
4849,0
20,0.000316292
90,0.000305833
160,0.000229937
230,6.54E-05
300,0
370,0.00141104
440,0.008572714
510,0.027617067
580,0.029863885
650,0.029908404
720,0.010929484
790,0.008856826
860,0.001792984
930,0.009313301
1000,0.021965092
1070,0.024145456
1140,0.026530376
1210,0.018624306
1280,0.03417706
1350,0.046027288
1420,0.061739583
1490,0.07547922
1560,0.09009626
1630,0.1103855
1700,0.10204358
1770,0.09045974
1840,0.05565377
1910,0.04961461
1980,0.05115107
2050,0.08955277
2120,0.14799668
2190,0.18985148
2260,0.1964313
2330,0.1490402
2400,0.083672225
2470,0.031588215
2540,0.03208886
2610,0.034345828
2680,0.040313162
2750,0.020174274
2820,0.0320664
2890,0.03314809
2960,0.03477781
3030,0.024208115
3100,0.04040855
3170,0.07324334
3240,0.098147064
3310,0.12936239
3380,0.14433603
3450,0.122199625
3520,0.070805214
3590,0.020251835
3660,0.016565373
3730,0.01685973
3800,0.018615881
3870,0.016052341
3940,0.013946856
4010,0.012437552
4080,0.013943457
4150,0.015042212
4220,0.015119341
4290,0.019365301
4360,0.01881966
4430,0.011027746
4500,0.002301794
4570,0.000348101
4640,0.000282664
4710,0.000370252
4780,0.000175176
4850,0.000262763
21,0.003178823
91,0.003182091
161,0.003008149
231,0.000177211
301,0
371,0.004883263
441,0.012544303
511,0.022495447
581,0.021247888
651,0.02546083
721,0.016099418
791,0.017652007
861,0.010912359
931,0.021011023
1001,0.029366637
1071,0.031069783
1141,0.036502313
1211,0.03412705
1281,0.049353857
1351,0.053611204
1421,0.05261318
1491,0.05013823
1561,0.06177153
1631,0.09897104
1701,0.10230411
1771,0.09017736
1841,0.046818197
1911,0.03355801
1981,0.03696899
2051,0.08435321
2121,0.1586902
2191,0.20072317
2261,0.19958286
2331,0.14352636
2401,0.08684776
2471,0.04125943
2541,0.043820277
2611,0.0403699
2681,0.043552574
2751,0.028607259
2821,0.040509842
2891,0.04383354
2961,0.041016426
3031,0.029643565
3101,0.061834425
3171,0.09528628
3241,0.12613426
3311,0.118784994
3381,0.14932041
3451,0.12495154
3521,0.09590363
3591,0.026944993
3661,0.024636962
3731,0.022414053
3801,0.023196084
3871,0.017593022
3941,0.014935656
4011,0.014284496
4081,0.013091917
4151,0.01233327
4221,0.014569628
4291,0.016587524
4361,0.015456159
4431,0.005384603
4501,0.00095619
4571,0.000901213
4641,0.000835777
4711,0.00022892
4781,0.000175176
4851,0.000262763
22,0.007035679
92,0.006145419
162,0.005033646
232,0.000221513
302,0.000316292
372,0.010136562
442,0.016408714
512,0.018197905
582,0.00850851
652,0.013557228
722,0.012877249
792,0.021406895
862,0.02072115
932,0.03407983
1002,0.036889207
1072,0.04026819
1142,0.046682674
1212,0.049071625
1282,0.053204667
1352,0.046655774
1422,0.044908542
1492,0.04488467
1562,0.064685635
1632,0.09568641
1702,0.09928877
1772,0.083359085
1842,0.043716256
1912,0.029583396
1982,0.028335815
2052,0.06510501
2122,0.12619124
2192,0.15996048
2262,0.16547848
2332,0.1303989
2402,0.0980055
2472,0.06723493
2542,0.06290324
2612,0.050072223
2682,0.045532078
2752,0.031942826
2822,0.038071394
2892,0.040263057
2962,0.05575547
3032,0.061930988
3102,0.09598271
3172,0.11218709
3242,0.1544537
3312,0.1614004
3382,0.18702495
3452,0.16410796
3522,0.13121478
3592,0.064464994
3662,0.03837004
3732,0.023781808
3802,0.024967933
3872,0.02325812
3942,0.02321505
4012,0.026741236
4082,0.0207425
4152,0.0181685
4222,0.018080913
4292,0.01460869
4362,0.011398214
4432,0.000588928
4502,0.001087063
4572,0.000825317
4642,0.000759881
4712,0.000153024
4782,0.000263781
4852,0.000439974
23,0.006969225
93,0.006078965
163,0.005011495
233,0.002796508
303,0.007191185
373,0.023526253
443,0.02317694
513,0.018636646
583,0.002519022
653,0.010898631
723,0.017556733
793,0.027434014
863,0.028245881
933,0.03332097
1003,0.03735371
1073,0.04592405
1143,0.057647903
1213,0.055142928
1283,0.051483
1353,0.04099548
1423,0.0433706
1493,0.042510673
1563,0.06333437
1633,0.08713751
1703,0.09766429
1773,0.08184652
1843,0.052338913
1913,0.03341658
1983,0.03225375
2053,0.076588936
2123,0.13879892
2193,0.21178432
2263,0.2214608
2333,0.1968133
2403,0.13611507
2473,0.09747674
2543,0.072742954
2613,0.04473125
2683,0.026464075
2753,0.018651567
2823,0.023184478
2893,0.027647145
2963,0.051349517
3033,0.07277819
3103,0.13229774
3173,0.14337929
3243,0.18078347
3313,0.19999574
3383,0.21562672
3453,0.21804182
3523,0.17598276
3593,0.146066
3663,0.09725785
3733,0.061147794
3803,0.036390927
3873,0.029149892
3943,0.028798522
4013,0.033495348
4083,0.029045993
4153,0.028650604
4223,0.022378452
4293,0.015932143
4363,0.006471666
4433,0.000261746
4503,0.00095619
4573,0.000694444
4643,0.000694444
4713,0
4783,8.86E-05
4853,0.000177211
24,0.004106693
94,0.00313727
164,0.002364156
234,0.006451313
304,0.013106535
374,0.027184114
444,0.021788053
514,0.01527518
584,0.003302072
654,0.010020586
724,0.022359073
794,0.031959172
864,0.033175137
934,0.028937384
1004,0.030453034
1074,0.045448754
1144,0.06603156
1214,0.07205079
1284,0.068845615
1354,0.056684464
1424,0.05393651
1494,0.053649697
1564,0.0700265
1634,0.07614241
1704,0.09744056
1774,0.08746783
1844,0.08624995
1914,0.055681184
1984,0.06442145
2054,0.11073097
2124,0.17310083
2194,0.25090834
2264,0.25019994
2334,0.23729192
2404,0.17327984
2474,0.13683207
2544,0.091747396
2614,0.049368035
2684,0.024609966
2754,0.019836873
2824,0.02519992
2894,0.05969132
2964,0.091831185
3034,0.118389465
3104,0.14341396
3174,0.15355743
3244,0.19385798
3314,0.23282667
3384,0.24108665
3454,0.239434
3524,0.2004766
3594,0.22486748
3664,0.18132384
3734,0.12744449
3804,0.0541862
3874,0.0390948
3944,0.04488791
4014,0.04773357
4084,0.042579312
4154,0.042474058
4224,0.031340793
4294,0.021291388
4364,0.004126587
4434,0.000196309
4504,0.000196309
4574,0
4644,0
4714,0
4784,8.86E-05
4854,0.000177211
25,0.000151791
95,7.59E-05
165,0.000512817
235,0.008762549
305,0.01514578
375,0.024036298
445,0.0180344
515,0.013935551
585,0.008135314
655,0.01052266
725,0.022770854
795,0.033327144
865,0.03329555
935,0.022889128
1005,0.024169104
1075,0.04636775
1145,0.080211915
1215,0.10645723
1285,0.12520157
1355,0.109248586
1425,0.08227812
1495,0.062466014
1565,0.076996684
1635,0.09007905
1705,0.108931184
1775,0.10217002
1845,0.106524475
1915,0.081517585
1985,0.09376672
2055,0.13725771
2125,0.1877868
2195,0.25250998
2265,0.24292244
2335,0.23689644
2405,0.1786275
2475,0.14486296
2545,0.09795177
2615,0.055661794
2685,0.029994195
2755,0.02076201
2825,0.037965834
2895,0.09877505
2965,0.12853836
3035,0.14586778
3105,0.14659728
3175,0.15672953
3245,0.17094456
3315,0.19797105
3385,0.20293899
3455,0.22396725
3525,0.21507317
3595,0.28596246
3665,0.24843025
3735,0.17316937
3805,0.06059651
3875,0.0357198
3945,0.04302222
4015,0.047442403
4085,0.04170969
4155,0.03726361
4225,0.02198583
4295,0.014216072
4365,0.000458055
4435,0.000196309
4505,0.000130873
4575,0
4645,0
4715,0
4785,0
4855,0
26,4.43E-05
96,0.000306049
166,0.002857897
236,0.01131041
306,0.013131998
376,0.013544579
446,0.008652895
516,0.011710886
586,0.014377907
656,0.012859101
726,0.016876427
796,0.025118425
866,0.02687581
936,0.024991343
1006,0.032935683
1076,0.06121087
1146,0.10861894
1216,0.16125591
1286,0.20234104
1356,0.17567539
1426,0.11478758
1496,0.08396941
1566,0.103923745
1636,0.1259452
1706,0.13693704
1776,0.13749912
1846,0.14551271
1916,0.12293775
1986,0.11934034
2056,0.14105147
2126,0.18250291
2196,0.24025421
2266,0.23014273
2336,0.2103052
2406,0.1514458
2476,0.13076882
2546,0.10577201
2616,0.07584363
2686,0.062518805
2756,0.048768368
2826,0.06420074
2896,0.13072102
2966,0.17105657
3036,0.18931878
3106,0.14998226
3176,0.14086635
3246,0.13498096
3316,0.14617756
3386,0.16063206
3456,0.17541043
3526,0.19437784
3596,0.25170383
3666,0.23492293
3736,0.16390306
3806,0.054428082
3876,0.027333954
3946,0.035589572
4016,0.043738272
4086,0.03479509
4156,0.026650636
4226,0.011307421
4296,0.007835198
4366,0.000261746
4436,0.000261746
4506,6.54E-05
4576,0
4646,0
4716,0
4786,0
4856,0
27,0.004845799
97,0.008122342
167,0.014034097
237,0.01874253
307,0.015549983
377,0.011253461
447,0.00730729
517,0.011391997
587,0.014971577
657,0.015669337
727,0.01462517
797,0.023775741
867,0.024619898
937,0.031503346
1007,0.04314897
1077,0.076871864
1147,0.12444329
1217,0.19451308
1287,0.24928671
1357,0.21959625
1427,0.13170673
1497,0.08742388
1567,0.10548642
1637,0.15040989
1707,0.14116041
1777,0.14954807
1847,0.14449345
1917,0.1524934
1987,0.13894434
2057,0.13668995
2127,0.1590001
2197,0.22638172
2267,0.23207408
2337,0.19234979
2407,0.10869088
2477,0.082764715
2547,0.07979677
2617,0.06968187
2687,0.072521105
2757,0.065069355
2827,0.08340759
2897,0.11777306
2967,0.15646788
3037,0.18127029
3107,0.18108888
3177,0.17164922
3247,0.1414625
3317,0.12176663
3387,0.13504978
3457,0.15930636
3527,0.17544192
3597,0.17827077
3667,0.16168153
3737,0.11165597
3807,0.05341895
3877,0.025770066
3947,0.028509816
4017,0.03427458
4087,0.025664827
4157,0.012630873
4227,6.54E-05
4297,0.000261746
4367,0.000327182
4437,0.000327182
4507,6.54E-05
4577,0
4647,0
4717,0
4787,0
4857,0
28,0.011472743
98,0.014941263
168,0.01868946
238,0.018743549
308,0.014172439
378,0.010410886
448,0.006841634
518,0.008101686
588,0.010072899
658,0.012182715
728,0.011781956
798,0.022125108
868,0.02620432
938,0.041174125
1008,0.055579882
1078,0.08550495
1148,0.12458604
1218,0.18296964
1288,0.22449243
1358,0.20466375
1428,0.137365
1498,0.102681585
1568,0.10464895
1638,0.13294746
1708,0.12800579
1778,0.14531188
1848,0.14330824
1918,0.15209392
1988,0.1475009
2058,0.14561214
2128,0.1776517
2198,0.25995055
2268,0.28783247
2338,0.23645459
2408,0.13532577
2478,0.09197017
2548,0.0924936
2618,0.083355136
2688,0.096212715
2758,0.10229501
2828,0.10927122
2898,0.109470956
2968,0.12728637
3038,0.14494865
3108,0.18522842
3178,0.17490731
3248,0.14378466
3318,0.0871101
3388,0.0863055
3458,0.09389398
3528,0.093916945
3598,0.07776875
3668,0.0958229
3738,0.08805402
3808,0.078712255
3878,0.044362724
3948,0.036258016
4018,0.02643917
4088,0.017851777
4158,0.007097469
4228,0.000130873
4298,0.000196309
4368,0.000261746
4438,0.00095619
4508,0.001454325
4578,0.001388889
4648,0.000694444
4718,0
4788,0.000694444
4858,0.001388889
29,0.013511773
99,0.016718548
169,0.018448846
239,0.013686127
309,0.009376765
379,0.006124021
449,0.003975251
519,0.002302465
589,0.00377656
659,0.008414101
729,0.014018313
799,0.025175093
869,0.03033069
939,0.039234374
1009,0.048540216
1079,0.07015742
1149,0.10147137
1219,0.15481909
1289,0.18488662
1359,0.1812591
1429,0.14383644
1499,0.11604283
1569,0.100605465
1639,0.11820117
1709,0.13083522
1779,0.1487773
1849,0.12305969
1919,0.108961605
1989,0.12804906
2059,0.14924265
2129,0.18998714
2199,0.24761534
2269,0.2833924
2339,0.2569337
2409,0.18449618
2479,0.14076044
2549,0.121891744
2619,0.11052076
2689,0.11834398
2759,0.14308621
2829,0.14858028
2899,0.12720379
2969,0.107613206
3039,0.09667852
3109,0.13532357
3179,0.123176396
3249,0.100976884
3319,0.04773454
3389,0.06425515
3459,0.06881161
3529,0.063584685
3599,0.036588814
3669,0.058207948
3739,0.066200115
3809,0.09520263
3879,0.07066179
3949,0.062141106
4019,0.026302956
4089,0.014324577
4159,0.003625247
4229,0.000130873
4299,0.000130873
4369,0.000825317
4439,0.00429754
4509,0.005620992
4579,0.004861111
4649,0.001388889
4719,0
4789,0.004166667
4859,0.008333334
30,0.017174482
100,0.014588684
170,0.010050423
240,0.002487429
310,0.001108868
380,0.001307212
450,0.001154188
520,0.001121709
590,0.002443126
660,0.006384881
730,0.011692139
800,0.0188212
870,0.026037289
940,0.02835188
1010,0.03347716
1080,0.042107936
1150,0.069529936
1220,0.11324648
1290,0.13490774
1360,0.13641123
1430,0.13078181
1500,0.11310475
1570,0.11319974
1640,0.115481414
1710,0.16486047
1780,0.18004227
1850,0.14769281
1920,0.09435773
1990,0.113170676
2060,0.14947349
2130,0.20082174
2200,0.25134352
2270,0.28958902
2340,0.2909138
2410,0.23743136
2480,0.20189522
2550,0.1780272
2620,0.16687329
2690,0.17592128
2760,0.19378372
2830,0.17927957
2900,0.14588436
2970,0.09704154
3040,0.07337677
3110,0.07205736
3180,0.05887078
3250,0.04703937
3320,0.020905985
3390,0.038086858
3460,0.052527007
3530,0.06337146
3600,0.045892004
3670,0.047381505
3740,0.04116646
3810,0.09069977
3880,0.09744037
3950,0.08941465
4020,0.036441717
4090,0.006620253
4160,0.000988801
4230,0.000196309
4300,0.000978342
4370,0.003072134
4440,0.008129555
4510,0.009365419
4580,0.007140754
4650,0.002083333
4720,0
4790,0.008333334
4860,0.016666668
31,0.014865997
101,0.009928991
171,0.00525373
241,0.000261746
311,0.000261746
381,6.65E-05
451,0.000229937
521,0.000924382
591,0.004614048
661,0.009835969
731,0.013754339
801,0.013244511
871,0.019614926
941,0.015297485
1011,0.017834023
1081,0.025148967
1151,0.05876997
1221,0.10653015
1291,0.11844387
1361,0.10579757
1431,0.09128067
1501,0.08354628
1571,0.102503836
1641,0.11644861
1711,0.17061771
1781,0.17953573
1851,0.15424426
1921,0.102877475
1991,0.12505974
2061,0.16239361
2131,0.21286376
2201,0.25847313
2271,0.2951623
2341,0.30127695
2411,0.26609203
2481,0.24274485
2551,0.21782295
2621,0.20185189
2691,0.19548416
2761,0.20710458
2831,0.18589883
2901,0.16123891
2971,0.105397135
3041,0.074378416
3111,0.034126088
3181,0.033124648
3251,0.027609812
3321,0.028195536
3391,0.040422495
3461,0.055924345
3531,0.072433084
3601,0.05700312
3671,0.048669785
3741,0.038408484
3811,0.09692395
3881,0.11551634
3951,0.11552445
4021,0.04856571
4091,0.014828265
4161,0.002431434
4231,0.002279643
4301,0.004450564
4371,0.005090031
4441,0.010972768
4511,0.010125301
4581,0.007966071
4651,0.001388889
4721,0.004861111
4791,0.016666668
4861,0.028472222
32,0.024388513
102,0.013971846
172,0.003675591
242,0.000294356
312,0.000240612
382,0.000110757
452,0.000176193
522,0.002259527
592,0.007185057
662,0.011712533
732,0.011147729
802,0.007816839
872,0.017030468
942,0.021114789
1012,0.02239597
1082,0.02745481
1152,0.050939385
1222,0.09545916
1292,0.09557887
1362,0.07856945
1432,0.053841338
1502,0.052759316
1572,0.08707175
1642,0.11516669
1712,0.17064731
1782,0.18129782
1852,0.17890008
1922,0.14831565
1992,0.17562747
2062,0.20611924
2132,0.2698913
2202,0.3135921
2272,0.34861863
2342,0.32662746
2412,0.2976074
2482,0.27702075
2552,0.25504217
2622,0.2094738
2692,0.18042041
2762,0.18542357
2832,0.18291374
2902,0.1728384
2972,0.11606222
3042,0.07864156
3112,0.033522878
3182,0.04017883
3252,0.037496757
3322,0.031875763
3392,0.027039856
3462,0.036171295
3532,0.058235582
3602,0.057632122
3672,0.05018955
3742,0.03644557
3812,0.071063094
3882,0.08890095
3952,0.09521682
4022,0.05146156
4092,0.022645317
4162,0.007357982
4232,0.005122857
4302,0.005774017
4372,0.004395587
4442,0.00958388
4512,0.008041967
4582,0.006577183
4652,0.000759881
4722,0.009787659
4792,0.018120991
4862,0.02638889
33,0.037307505
103,0.025814235
173,0.01406344
243,0.011658295
313,0.013048437
383,0.009769534
453,0.009725016
523,0.007805147
593,0.014339044
663,0.020330783
733,0.01870128
803,0.01191662
873,0.015835205
943,0.022860786
1013,0.027770916
1083,0.0395653
1153,0.06164156
1223,0.094340116
1293,0.09041494
1363,0.076834835
1433,0.059911426
1503,0.061341554
1573,0.07972999
1643,0.11113053
1713,0.15816748
1783,0.18562198
1853,0.19767533
1923,0.19261932
1993,0.23790552
2063,0.28136116
2133,0.33993647
2203,0.36317888
2273,0.37806678
2343,0.34936872
2413,0.32088965
2483,0.31149092
2553,0.2736228
2623,0.2080848
2693,0.14460479
2763,0.15074743
2833,0.16626105
2903,0.15980698
2973,0.11446182
3043,0.065144785
3113,0.02849572
3183,0.030516496
3253,0.034588106
3323,0.026959673
3393,0.016057367
3463,0.011270178
3533,0.023803005
3603,0.039456684
3673,0.052274734
3743,0.05339697
3813,0.05968973
3883,0.05484758
3953,0.082407266
4023,0.061457574
4093,0.050855905
4163,0.012320886
4233,0.005057421
4303,0.004861111
4373,0.00214877
4443,0.00720619
4513,0.005817302
4583,0.005751865
4653,0.00214877
4723,0.01818643
4793,0.022418534
4863,0.024501868
34,0.037155714
104,0.027127229
174,0.015419503
244,0.013427896
314,0.016047923
384,0.0170118
454,0.026311306
524,0.033911802
594,0.043118566
664,0.043736637
734,0.031466622
804,0.018256983
874,0.016755063
944,0.027075311
1014,0.033213098
1084,0.04202893
1154,0.049882084
1224,0.071762785
1294,0.072535224
1364,0.07321478
1434,0.06886875
1504,0.0733835
1574,0.086035244
1644,0.13780539
1714,0.19755046
1784,0.24207811
1854,0.23763703
1924,0.2510173
1994,0.31227604
2064,0.36247095
2134,0.38026416
2204,0.3748462
2274,0.37380183
2344,0.36765525
2414,0.35297966
2484,0.34999505
2554,0.307249
2624,0.21728991
2694,0.14047304
2764,0.119430214
2834,0.14182357
2904,0.1350093
2974,0.10933747
3044,0.062443446
3114,0.03163812
3184,0.029953748
3254,0.03969415
3324,0.050745767
3394,0.046404313
3464,0.03691094
3534,0.036325727
3604,0.054413218
3674,0.064895354
3744,0.059998367
3814,0.039001834
3884,0.0339482
3954,0.066988185
4024,0.080492325
4094,0.07139532
4164,0.033363353
4234,0.0136525
4304,0.012208633
4374,0.009725212
4444,0.010441809
4514,0.008217142
4584,0.00570858
4654,0.006315437
4724,0.022353096
4794,0.022418534
4864,0.016168533
35,0.02634236
105,0.024018198
175,0.017866028
245,0.01672243
315,0.01973809
385,0.02347974
455,0.043261696
525,0.0627503
595,0.084253155
665,0.082874544
735,0.062424313
805,0.0387444
875,0.029088443
945,0.029030023
1015,0.02978117
1085,0.03283466
1155,0.041719068
1225,0.04866934
1295,0.04778899
1365,0.049509782
1435,0.058804106
1505,0.06496078
1575,0.07112757
1645,0.12778588
1715,0.18637975
1785,0.24263598
1855,0.23808664
1925,0.27614418
1995,0.32556495
2065,0.36309287
2135,0.3475224
2205,0.35567048
2275,0.39538166
2345,0.4479083
2415,0.4302682
2485,0.3832982
2555,0.32112917
2625,0.2353933
2695,0.16134988
2765,0.10473764
2835,0.10988936
2905,0.11325116
2975,0.13243015
3045,0.123894475
3115,0.09796145
3185,0.067888185
3255,0.056070462
3325,0.10849875
3395,0.12517662
3465,0.13818882
3535,0.09794081
3605,0.10867613
3675,0.093076766
3745,0.080314375
3815,0.038383286
3885,0.02895622
3955,0.057771783
4025,0.08192407
4095,0.0735215
4165,0.043317053
4235,0.01699385
4305,0.017069746
4375,0.01250299
4445,0.00905292
4515,0.008413452
4585,0.007988223
4655,0.016862977
4725,0.029232102
4795,0.027214205
4865,0.014085199
36,0.015683908
106,0.021103613
176,0.018313877
246,0.015280533
316,0.014200429
386,0.03158902
456,0.062364493
526,0.09283534
596,0.11197088
666,0.10714384
736,0.07974729
806,0.0506603
876,0.0381661
946,0.035607334
1016,0.03070443
1086,0.028810263
1156,0.03375558
1226,0.03868395
1296,0.03224318
1366,0.031429205
1436,0.032254923
1506,0.038464207
1576,0.04574913
1646,0.11376158
1716,0.1676474
1786,0.22341841
1856,0.22432368
1926,0.2800724
1996,0.306703
2066,0.31649947
2136,0.30662432
2206,0.34608844
2276,0.4372379
2346,0.5081031
2416,0.5004675
2486,0.4212688
2556,0.3376392
2626,0.24381854
2696,0.16830827
2766,0.08759267
2836,0.08410316
2906,0.115079544
2976,0.1579355
3046,0.15861452
3116,0.119018346
3186,0.07939123
3256,0.062478077
3326,0.108040564
3396,0.13666585
3466,0.15313654
3536,0.10980063
3606,0.10949231
3676,0.09067988
3746,0.07874281
3816,0.03605995
3886,0.025723593
3956,0.032614924
4026,0.053964768
4096,0.0469511
4166,0.04005977
4236,0.017124724
4306,0.017200619
4376,0.012437552
4446,0.007533157
4516,0.008282579
4586,0.009377112
4656,0.021789523
4726,0.026454324
4796,0.022916667
4866,0.007638889
37,0.015065358
107,0.025258241
177,0.028435618
247,0.029001674
317,0.023814075
387,0.042859823
457,0.06608504
527,0.1003181
597,0.11902555
667,0.1263299
737,0.10320019
807,0.075841576
877,0.05735205
947,0.05606168
1017,0.05019936
1087,0.043126192
1157,0.037741236
1227,0.036093373
1297,0.034103666
1367,0.03718324
1437,0.037420627
1507,0.053855106
1577,0.07687268
1647,0.13044098
1717,0.17490946
1787,0.2275006
1857,0.25134775
1927,0.29134467
1997,0.29157504
2067,0.29555282
2137,0.32539165
2207,0.3951299
2277,0.50511044
2347,0.5520199
2417,0.5068928
2487,0.41476297
2557,0.32251343
2627,0.25143185
2697,0.17445277
2767,0.1058712
2837,0.09685408
2907,0.12154015
2977,0.1520688
3047,0.15714027
3117,0.12295977
3187,0.08623862
3257,0.061398167
3327,0.089417405
3397,0.11137211
3467,0.13853233
3537,0.10262803
3607,0.09867219
3677,0.069298126
3747,0.059113014
3817,0.020520424
3887,0.007598809
3957,0.003799405
4027,0.015403743
4097,0.016294496
4167,0.019897593
4237,0.008524208
4307,0.007093052
4377,0.003489957
4447,0.000913923
4517,0.003668532
4587,0.009983969
4657,0.023178414
4727,0.022982104
4797,0.016666668
4867,0.002777778
38,0.014317171
108,0.022263236
178,0.02541846
248,0.028409021
318,0.025107771
388,0.049562395
458,0.07418652
528,0.112669386
598,0.12146156
668,0.13453951
738,0.11149851
808,0.09969411
878,0.08603037
948,0.0976957
1018,0.10116733
1088,0.08779737
1158,0.06435672
1228,0.04465641
1298,0.040022526
1368,0.04100989
1438,0.041293353
1508,0.08670929
1578,0.11974474
1648,0.15761827
1718,0.17262094
1788,0.2227583
1858,0.26071697
1928,0.29535034
1998,0.3085769
2068,0.3291534
2138,0.3665761
2208,0.38821685
2278,0.4398826
2348,0.4503579
2418,0.43608865
2488,0.39252183
2558,0.31460103
2628,0.2408768
2698,0.16570638
2768,0.110201836
2838,0.10193657
2908,0.10564587
2978,0.10391316
3048,0.08220595
3118,0.05275185
3188,0.042561766
3258,0.04074749
3328,0.03047388
3398,0.03422087
3468,0.04143281
3538,0.04296541
3608,0.03962406
3678,0.03702595
3748,0.03935975
3818,0.026629284
3888,0.011656947
3958,0.002997256
4028,0.003192548
4098,0.006471666
4168,0.006602539
4238,0.003924843
4308,0.000843052
4378,0.000712179
4448,0.000219478
4518,0.003472222
4588,0.009093215
4658,0.01603766
4728,0.012565437
4798,0.006944445
4868,0
39,0.003744212
109,0.007724898
179,0.011608676
249,0.018421544
319,0.02183841
389,0.045106802
459,0.0678394
529,0.1114644
599,0.1293702
669,0.17880595
739,0.17282951
809,0.17422192
879,0.13930349
949,0.13973571
1019,0.13779207
1089,0.11244848
1159,0.07192046
1229,0.039047796
1299,0.045353964
1369,0.05333954
1439,0.058250234
1509,0.114864804
1579,0.1519488
1649,0.17237687
1719,0.15841578
1789,0.1926439
1859,0.2327962
1929,0.26789367
1999,0.30970117
2069,0.37005377
2139,0.3995097
2209,0.3838878
2279,0.3749024
2349,0.3747355
2419,0.3701378
2489,0.34859422
2559,0.2830757
2629,0.20846492
2699,0.13777363
2769,0.09613096
2839,0.101055734
2909,0.09905583
2979,0.1039322
3049,0.08398292
3119,0.059677526
3189,0.043709945
3259,0.04406311
3329,0.039114624
3399,0.029533736
3469,0.027002314
3539,0.032393154
3609,0.035095036
3679,0.037165347
3749,0.035519127
3819,0.027990999
3889,0.01349627
3959,0.006169688
4029,0.004670043
4099,0.008642587
4169,0.007188262
4239,0.006292074
4309,0.000843052
4379,0.000777615
4449,0.000219478
4519,0.004861111
4589,0.009027778
4659,0.011805556
4729,0.006944445
4799,0.002843214
4869,0.000130873
40,0.000196094
110,9.80E-05
180,0
250,0.002866383
320,0.00920516
390,0.032567117
460,0.06047654
530,0.1129348
600,0.14264014
670,0.21170293
740,0.22528358
810,0.22800916
880,0.18427801
950,0.15741293
1020,0.14269899
1090,0.10619908
1160,0.07011933
1230,0.04729624
1300,0.06253374
1370,0.05995081
1440,0.0583854
1510,0.088363856
1580,0.112198085
1650,0.12117944
1720,0.09175721
1790,0.11875183
1860,0.16381757
1930,0.21281129
2000,0.2606531
2070,0.33789238
2140,0.3697438
2210,0.34308577
2280,0.30403125
2350,0.29401633
2420,0.30530742
2490,0.28575218
2560,0.22996426
2630,0.15604873
2700,0.08980993
2770,0.056964513
2840,0.08217489
2910,0.108712696
2980,0.13588418
3050,0.11594974
3120,0.07779794
3190,0.046386283
3260,0.042781923
3330,0.034263976
3400,0.02666837
3470,0.013001125
3540,0.020694776
3610,0.022702215
3680,0.034781206
3750,0.04408395
3820,0.042068083
3890,0.027442483
3960,0.010565274
4030,0.00784189
4100,0.01316601
4170,0.010116029
4240,0.007216385
4310,0.000196309
4380,0.000130873
4450,0
4520,0.009853096
4590,0.012903078
4660,0.014663451
4730,0.007024563
4800,0.005494343
4870,0.00525373
41,0.000151791
111,7.59E-05
181,0
251,8.86E-05
321,0.004297194
391,0.021015434
461,0.04063593
531,0.08147044
601,0.11477839
671,0.19410308
741,0.22964942
811,0.22506768
881,0.18018062
951,0.13910484
1021,0.11990132
1091,0.079182066
1161,0.050191443
1231,0.039862845
1301,0.0594136
1371,0.06036671
1441,0.05908345
1511,0.05507955
1581,0.06597329
1651,0.07605764
1721,0.07138277
1791,0.09071604
1861,0.12901919
1931,0.17054899
2001,0.21163087
2071,0.28821203
2141,0.31763917
2211,0.30785838
2281,0.2686071
2351,0.25038144
2421,0.252746
2491,0.22397645
2561,0.18366204
2631,0.11899159
2701,0.061925743
2771,0.040007476
2841,0.06808596
2911,0.110702164
2981,0.14080957
3051,0.12512447
3121,0.08519781
3191,0.055864435
3261,0.05187187
3331,0.04100884
3401,0.032610074
3471,0.014281292
3541,0.016474364
3611,0.020673858
3681,0.03555278
3751,0.043543354
3821,0.041330162
3891,0.030826924
3961,0.018810002
4031,0.015113536
4101,0.024731308
4171,0.021303387
4241,0.016796375
4311,0.002032579
4381,0.00095619
4451,0.001388889
4521,0.014150635
4591,0.015811728
4661,0.016183214
4731,0.00570111
4801,0.007144977
4871,0.008489563
42,0
112,7.59E-05
182,7.59E-05
252,0.000240396
322,0.000611666
392,0.008061521
462,0.018724842
532,0.05168344
602,0.08914869
672,0.14311986
742,0.16910245
812,0.14921546
882,0.1256978
952,0.09516409
1022,0.08205433
1092,0.052468404
1162,0.046514332
1232,0.051412385
1302,0.06226474
1372,0.049631964
1442,0.04331105
1512,0.030342191
1582,0.04072672
1652,0.06368052
1722,0.08736405
1792,0.11710467
1862,0.14642362
1932,0.15705942
2002,0.16899246
2072,0.21654862
2142,0.24369504
2212,0.24214971
2282,0.21809064
2352,0.1920522
2422,0.18923438
2492,0.1785291
2562,0.17488118
2632,0.13791297
2702,0.08595016
2772,0.061483234
2842,0.074039854
2912,0.10524252
2982,0.119645424
3052,0.10388396
3122,0.06625312
3192,0.045669843
3262,0.039837398
3332,0.031783734
3402,0.030253515
3472,0.019760953
3542,0.015150911
3612,0.019163584
3682,0.03297216
3752,0.043357547
3822,0.03782511
3892,0.028801752
3962,0.020389961
4032,0.02235879
4102,0.02995968
4172,0.025946038
4242,0.017966803
4312,0.004115913
4382,0.001650635
4452,0.006315437
4522,0.017819168
4592,0.01948026
4662,0.014925198
4732,0.008740634
4802,0.012962278
4872,0.017084643
43,0.00154068
113,0.000868387
183,0.000120198
253,0.000240396
323,0.0006328
393,0.002251626
463,0.005987629
533,0.022561617
603,0.051831767
673,0.08899466
743,0.10480615
813,0.08517954
883,0.06703708
953,0.05381325
1023,0.052413072
1093,0.041816544
1163,0.049097583
1233,0.055126254
1303,0.053458586
1373,0.039581697
1443,0.034897998
1513,0.045515433
1583,0.054960433
1653,0.09012261
1723,0.105291374
1793,0.13767721
1863,0.1465785
1933,0.14123468
2003,0.13489944
2073,0.15746757
2143,0.18172424
2213,0.18360744
2283,0.16542211
2353,0.14295785
2423,0.13646688
2493,0.1340221
2563,0.13982892
2633,0.12235629
2703,0.08936148
2773,0.07126739
2843,0.068522245
2913,0.07826883
2983,0.073304266
3053,0.06074478
3123,0.043535143
3193,0.034495845
3263,0.030578315
3333,0.025145343
3403,0.0307651
3473,0.027315028
3543,0.024263054
3613,0.037825238
3683,0.047499973
3753,0.042327333
3823,0.023527121
3893,0.016368633
3963,0.019525366
4033,0.022735061
4103,0.030046081
4173,0.026239209
4243,0.01915341
4313,0.006428166
4383,0.004810357
4453,0.01368511
4523,0.019295644
4593,0.018448174
4663,0.006511746
4733,0.006708056
4803,0.011136468
4873,0.01556488
44,0.007790681
114,0.005035054
184,0.002279427
254,0.00040388
324,0.000698236
394,0.000785824
464,0.002668431
534,0.016490664
604,0.043852583
674,0.07439814
744,0.07723764
814,0.05567168
884,0.02913998
954,0.026401991
1024,0.026931936
1094,0.031488754
1164,0.042518497
1234,0.048911747
1304,0.047544166
1374,0.036112443
1444,0.045469906
1514,0.07806784
1584,0.10572791
1654,0.13828589
1724,0.12634133
1794,0.12773901
1864,0.11936281
1934,0.11231079
2004,0.098373555
2074,0.10101521
2144,0.12421725
2214,0.13725892
2284,0.12693287
2354,0.10680058
2424,0.083015315
2494,0.08685758
2564,0.09272147
2634,0.09748421
2704,0.07658259
2774,0.068487465
2844,0.06899398
2914,0.06882965
2984,0.05532494
3054,0.048679005
3124,0.04910156
3194,0.047887508
3264,0.033209432
3334,0.018336724
3404,0.017439999
3474,0.021217035
3544,0.022020245
3614,0.038837213
3684,0.04197805
3754,0.036575474
3824,0.015800646
3894,0.011769268
3964,0.017965525
4034,0.024581984
4104,0.028628238
4174,0.027911639
4244,0.022149317
4314,0.018048087
4384,0.012405961
4454,0.024189366
4524,0.020641247
4594,0.018666634
4664,0.004148739
4734,0.012743817
4804,0.015237697
4874,0.01580127
45,0.009874014
115,0.009820269
185,0.007108945
255,0.003139606
325,0.000710946
395,0.000862953
465,0.005553914
535,0.016490838
605,0.032616094
675,0.052437168
745,0.05408008
815,0.04260917
885,0.02083061
955,0.023539225
1025,0.026382439
1095,0.031227442
1165,0.028469602
1235,0.033052213
1305,0.053407144
1375,0.061277226
1445,0.08266802
1515,0.1085706
1585,0.14061235
1655,0.15726577
1725,0.12208199
1795,0.096230336
1865,0.07871979
1935,0.0777957
2005,0.07130034
2075,0.07229023
2145,0.09425991
2215,0.11088363
2285,0.105333
2355,0.08223962
2425,0.05267792
2495,0.03897466
2565,0.046949238
2635,0.051112503
2705,0.050307672
2775,0.05246022
2845,0.06633822
2915,0.062085796
2985,0.03888021
3055,0.02913575
3125,0.04085617
3195,0.05085956
3265,0.039019052
3335,0.020630833
3405,0.011484354
3475,0.014470934
3545,0.018605037
3615,0.033666823
3685,0.030647628
3755,0.027590131
3825,0.012802587
3895,0.011195238
3965,0.013082261
4035,0.018309833
4105,0.026266031
4175,0.03251603
4245,0.02903335
4315,0.028726501
4385,0.028500825
4455,0.04863787
4525,0.04363543
4595,0.03505179
4665,0.013438262
4735,0.015652468
4805,0.012329047
4875,0.00720619
46,0.008333334
116,0.013347468
186,0.012253954
256,0.008593715
326,0.007766796
396,0.011278126
466,0.018579096
536,0.017820062
606,0.021829141
676,0.029197909
746,0.027828528
816,0.021467073
886,0.009221706
956,0.018869748
1026,0.026169172
1096,0.028865403
1166,0.021729322
1236,0.030601477
1306,0.07517893
1376,0.10548351
1446,0.13195474
1516,0.14175625
1586,0.19169421
1656,0.20021708
1726,0.16965157
1796,0.09863085
1866,0.0650689
1936,0.04898489
2006,0.06529134
2076,0.076861314
2146,0.09003517
2216,0.08418265
2286,0.07739809
2356,0.06445012
2426,0.050421834
2496,0.041975286
2566,0.057637196
2636,0.05248304
2706,0.048527565
2776,0.05153628
2846,0.065913
2916,0.068094246
2986,0.040843718
3056,0.030477779
3126,0.03355576
3196,0.044904757
3266,0.035648275
3336,0.018253144
3406,0.002032579
3476,0.006146519
3546,0.007136338
3616,0.01397206
3686,0.007956415
3756,0.010896873
3826,0.006708056
3896,0.008987699
3966,0.009551269
4036,0.014827151
4106,0.02007101
4176,0.030487673
4246,0.027556874
4316,0.029126586
4386,0.025992261
4456,0.04797998
4526,0.046244744
4596,0.037857413
4666,0.016000567
4736,0.012245682
4806,0.008856826
4876,0.003603095
47,0.003472222
117,0.014846097
187,0.018613692
257,0.015845226
327,0.011025582
397,0.014590657
467,0.019978443
537,0.015904628
607,0.012022205
677,0.012553166
747,0.013969856
817,0.012690529
887,0.008304385
957,0.013940688
1027,0.021890396
1097,0.037219822
1167,0.04705939
1237,0.070898116
1307,0.11935695
1377,0.1562143
1447,0.16055594
1517,0.14854714
1587,0.18203394
1657,0.19979955
1727,0.18571746
1797,0.12230786
1867,0.07627285
1937,0.045644894
2007,0.053715635
2077,0.07849508
2147,0.120602034
2217,0.12607132
2287,0.13469084
2357,0.103266954
2427,0.0832602
2497,0.0608765
2567,0.0815689
2637,0.072001465
2707,0.06312334
2777,0.049119297
2847,0.051742405
2917,0.060144845
2987,0.04194228
3057,0.03226156
3127,0.018235756
3197,0.022156378
3267,0.021038676
3337,0.014493302
3407,0.002196062
3477,0.006157996
3547,0.006157996
3617,0.011615505
3687,0.006456769
3757,0.011091949
3827,0.006230839
3897,0.005329626
3967,0.001388889
4037,0.007835198
4107,0.010421692
4177,0.020903796
4247,0.017572908
4317,0.01991296
4387,0.022020673
4457,0.043932486
4527,0.048578132
4597,0.038464267
4667,0.015782107
4737,0.00640623
4807,0.003235833
4877,0.000196309
48,0.006315437
118,0.013686127
188,0.017605731
258,0.014771827
328,0.014388282
398,0.019310435
468,0.022139708
538,0.014048374
608,0.004451758
678,0.003871686
748,0.009208988
818,0.014543016
888,0.01188442
958,0.011356954
1028,0.025262125
1098,0.058559835
1168,0.09524026
1238,0.12665093
1308,0.15214616
1378,0.17284767
1448,0.16092654
1518,0.14633949
1588,0.16851668
1658,0.18929256
1728,0.1862547
1798,0.12584935
1868,0.077972405
1938,0.06914326
2008,0.07397714
2078,0.09013325
2148,0.12054994
2218,0.14278471
2288,0.16247347
2358,0.12025937
2428,0.0950917
2498,0.072431184
2568,0.088525794
2638,0.081231885
2708,0.067821644
2778,0.048383642
2848,0.03879116
2918,0.045146674
2988,0.037847005
3058,0.029022047
3128,0.013616275
3198,0.013928775
3268,0.015945654
3338,0.013232295
3408,0.004453338
3478,0.00931445
3548,0.009042245
3618,0.01217704
3688,0.007104183
3758,0.010176317
3828,0.005315205
3898,0.003072134
3968,0
4038,0.005188294
4108,0.005188294
4178,0.010743849
4248,0.009103674
4318,0.016254887
4388,0.016505959
4458,0.027980803
4528,0.026929552
4598,0.021515546
4668,0.006688894
4738,0.000785238
4808,0.000392619
4878,0.000196309
49,0.012001865
119,0.01626216
189,0.024238693
259,0.025185226
329,0.024026275
399,0.019295821
469,0.012408172
539,0.006791598
609,0.001259426
679,0.002361581
749,0.008556812
819,0.021490565
889,0.028768232
959,0.03250779
1029,0.05106158
1099,0.0907717
1169,0.13723573
1239,0.16155978
1309,0.16382025
1379,0.17025095
1449,0.17211825
1519,0.15559737
1589,0.13683477
1659,0.12303091
1729,0.12773882
1799,0.10913669
1869,0.08085825
1939,0.07674867
2009,0.06708082
2079,0.07202082
2149,0.096263826
2219,0.12885092
2289,0.15849599
2359,0.11712718
2429,0.09249356
2499,0.062477667
2569,0.077827
2639,0.082870446
2709,0.09465027
2779,0.08684244
2849,0.08234849
2919,0.06515149
2989,0.053812195
3059,0.029631726
3129,0.014413576
3199,0.006796446
3269,0.010799628
3339,0.012589886
3409,0.009260337
3479,0.011496694
3549,0.009750741
3619,0.011549051
3689,0.008647113
3759,0.010155183
3829,0.005294071
3899,0.001596675
3969,2.22E-05
4039,0.005079572
4109,0.006446309
4179,0.00926839
4249,0.007781239
4319,0.020716928
4389,0.02506821
4459,0.033997945
4529,0.024796225
4599,0.018015476
4669,0.005646349
4739,0.000795697
4809,0.000403078
4879,0.000272205
50,0.013456191
120,0.012247502
190,0.016675914
260,0.027190628
330,0.031282417
400,0.025814235
470,0.010571101
540,0.003663684
610,0.000624376
680,0.000448398
750,0.004366368
820,0.02045984
890,0.04824695
960,0.06509433
1030,0.09638027
1100,0.122285664
1170,0.16681765
1240,0.17695779
1310,0.16945171
1380,0.15419896
1450,0.16413303
1520,0.1663151
1590,0.13868482
1660,0.09908351
1730,0.07375564
1800,0.06341119
1870,0.054250974
1940,0.063393794
2010,0.064912215
2080,0.06509603
2150,0.06531312
2220,0.081646845
2290,0.1071499
2360,0.094229154
2430,0.08306995
2500,0.054140877
2570,0.053719815
2640,0.060783893
2710,0.082446046
2780,0.093738936
2850,0.097869195
2920,0.071422786
2990,0.059142824
3060,0.031290162
3130,0.020536924
3200,0.005211247
3270,0.009312477
3340,0.017946431
3410,0.019278286
3480,0.018682104
3550,0.010114604
3620,0.008596097
3690,0.007051456
3760,0.007160178
3830,0.004382399
3900,0.000273223
3970,9.80E-05
4040,0.003082593
4110,0.005893197
4180,0.005981803
4250,0.008011391
4320,0.022205094
4390,0.035333086
4460,0.04559673
4530,0.032944936
4600,0.019990088
4670,0.004777747
4740,0.000740719
4810,0.000478973
4880,0.000413537
51,0.010202429
121,0.010848154
191,0.018487044
261,0.033797428
331,0.03594722
401,0.02568336
471,0.007290164
541,0.000956992
611,0.002310889
681,0.003917221
751,0.007131705
821,0.018713826
891,0.055591527
961,0.07856401
1031,0.11698669
1101,0.14259277
1171,0.18142946
1241,0.18199213
1311,0.16901256
1381,0.15373422
1451,0.16552506
1521,0.16333234
1591,0.13327369
1661,0.08320017
1731,0.04675479
1801,0.03984512
1871,0.03747281
1941,0.034025792
2011,0.037380736
2081,0.052561134
2151,0.06428853
2221,0.058708955
2291,0.06647777
2361,0.06693069
2431,0.06703957
2501,0.040030167
2571,0.030617824
2641,0.047635045
2711,0.08108925
2781,0.1174983
2851,0.13258827
2921,0.11338317
2991,0.09224471
3061,0.061455313
3131,0.0423499
3201,0.01564576
3271,0.010426026
3341,0.019768262
3411,0.024213566
3481,0.02240291
3551,0.009864549
3621,0.006404042
3691,0.005709598
3761,0.00936529
3831,0.00873628
3901,0.004580073
3971,0.000857928
4041,0.001562832
4111,0.00582776
4181,0.005916366
4251,0.010985479
4321,0.019351423
4391,0.032457266
4461,0.039812256
4531,0.033486363
4601,0.024192417
4671,0.015230075
4741,0.012647375
4811,0.012502775
4881,0.011332131
52,0.015740857
122,0.018355152
192,0.020926163
262,0.027263748
332,0.02222746
402,0.016639082
472,0.009952161
542,0.008563272
612,0.010223
682,0.006925954
752,0.010605962
822,0.015260651
892,0.04709242
962,0.066728204
1032,0.13048947
1102,0.17566986
1172,0.22244906
1242,0.2015997
1312,0.17612785
1382,0.14703862
1452,0.13412853
1522,0.12303892
1592,0.10250322
1662,0.07352555
1732,0.03332588
1802,0.021484537
1872,0.019392325
1942,0.025234831
2012,0.036741443
2082,0.058941822
2152,0.06813509
2222,0.056611184
2292,0.053775683
2362,0.05797376
2432,0.056055922
2502,0.037824325
2572,0.024533683
2642,0.04327999
2712,0.06073303
2782,0.091849655
2852,0.11122287
2922,0.1190998
2992,0.124230504
3062,0.10551087
3132,0.08491061
3202,0.050881237
3272,0.044161707
3342,0.05359283
3412,0.04739913
3482,0.03443742
3552,0.012441635
3622,0.008659038
3692,0.003592421
3762,0.009277701
3832,0.011491907
3902,0.010287635
3972,0.006089507
4042,0.005405522
4112,0.008303712
4182,0.007588135
4252,0.016801763
4322,0.019946804
4392,0.029493848
4462,0.029166667
4532,0.026541913
4602,0.020959573
4672,0.018257692
4742,0.016987985
4812,0.016604004
4882,0.014034013
53,0.014679152
123,0.020733861
193,0.026020525
263,0.022482866
333,0.01374442
403,0.007514059
473,0.01508751
543,0.020014059
613,0.022269169
683,0.017524078
753,0.025112668
823,0.031846274
893,0.04977882
963,0.058045343
1033,0.12529968
1103,0.17761642
1173,0.2090099
1243,0.1658217
1313,0.14010702
1383,0.1204542
1453,0.104902856
1523,0.071889065
1593,0.060372997
1663,0.058563113
1733,0.050912872
1803,0.039721247
1873,0.02615651
1943,0.02843864
2013,0.046466738
2083,0.06414085
2153,0.0640637
2223,0.050766062
2293,0.05022305
2363,0.06371608
2433,0.060158685
2503,0.04804888
2573,0.028410865
2643,0.03841095
2713,0.04865953
2783,0.08361336
2853,0.12828319
2923,0.17042625
2993,0.19476593
3063,0.17282383
3133,0.1370169
3203,0.09967738
3273,0.085483514
3343,0.078658886
3413,0.05635641
3483,0.033312317
3553,0.016508762
3623,0.011177973
3693,0.005682109
3763,0.010718267
3833,0.012878727
3903,0.012027892
3973,0.00624253
4043,0.006849387
4113,0.00913949
4183,0.013481331
4253,0.023334427
4323,0.026469009
4393,0.021724088
4463,0.011805556
4533,0.008333334
4603,0.013278418
4673,0.019735187
4743,0.019800624
4813,0.020000333
4883,0.017993912
54,0.016328553
124,0.022536285
194,0.02436242
264,0.016592657
334,0.006865412
404,0.006495421
474,0.021661432
544,0.03167801
614,0.037546284
684,0.028325072
754,0.029161518
824,0.02926786
894,0.040498238
964,0.055059534
1034,0.11201125
1104,0.14657988
1174,0.15238781
1244,0.10296064
1314,0.081981145
1384,0.069002904
1454,0.06120201
1524,0.045549035
1594,0.040287305
1664,0.0627192
1734,0.068091
1804,0.062762864
1874,0.03552071
1944,0.030245267
2014,0.044233512
2084,0.04898111
2154,0.04127802
2224,0.040290013
2294,0.050520066
2364,0.07065362
2434,0.06146188
2504,0.057324644
2574,0.042105723
2644,0.048809484
2714,0.05182046
2784,0.070051365
2854,0.13961448
2924,0.20730788
2994,0.24970144
3064,0.22858387
3134,0.17390083
3204,0.13991605
3274,0.11451594
3344,0.10175324
3414,0.067329474
3484,0.032579932
3554,0.019062871
3624,0.018456234
3694,0.01896816
3764,0.017247347
3834,0.014564428
3904,0.008415487
3974,0.00548265
4044,0.006871539
4114,0.010824771
4184,0.02349858
4254,0.032504205
4324,0.031892326
4394,0.018837588
4464,0.00907208
4534,0.005644161
4604,0.007853735
4674,0.011510574
4744,0.010099534
4814,0.011362183
4884,0.011177566
55,0.005353534
125,0.008307505
195,0.012380455
265,0.011610116
335,0.011271458
405,0.011738476
475,0.020013789
545,0.025612628
615,0.040995333
685,0.041332867
755,0.04071499
825,0.033325803
895,0.042215195
965,0.05713011
1035,0.07544959
1105,0.07816296
1175,0.06269771
1245,0.032530583
1315,0.021314276
1385,0.018847805
1455,0.019556655
1525,0.022425761
1595,0.022826916
1665,0.05363667
1735,0.05957292
1805,0.05831742
1875,0.0360728
1945,0.03406313
2015,0.04310063
2085,0.03691165
2155,0.021919841
2225,0.026400777
2295,0.043406397
2365,0.075624436
2435,0.07694787
2505,0.072441034
2575,0.046065286
2645,0.034535572
2715,0.030955844
2785,0.051447883
2855,0.12361204
2925,0.19630319
2995,0.23374295
3065,0.21745646
3135,0.15966119
3205,0.13707618
3275,0.11477821
3345,0.10820811
3415,0.07181845
3485,0.03679293
3555,0.023690132
3625,0.025933916
3695,0.03100443
3765,0.024494128
3835,0.014509448
3905,0.002739518
3975,0.000370252
4045,0.003962888
4115,0.010628461
4185,0.028228818
4255,0.033565912
4325,0.02967812
4395,0.014670921
4465,0.007748628
4535,0.01018679
4605,0.014492878
4675,0.021336237
4745,0.017531337
4815,0.01676291
4885,0.014151652
56,0.003594178
126,0.005689202
196,0.010584158
266,0.013263889
336,0.016933437
406,0.015871515
476,0.016354913
546,0.01704834
616,0.03454801
686,0.038416915
756,0.03384717
826,0.021235047
896,0.024492553
966,0.034479488
1036,0.030734159
1106,0.02416995
1176,0.015079594
1246,0.009192672
1316,0.00440317
1386,0.002139852
1456,0.006817887
1526,0.019741645
1596,0.020529505
1666,0.037448738
1736,0.03706836
1806,0.03629096
1876,0.03201152
1946,0.044994783
2016,0.051805254
2086,0.037428685
2156,0.01482062
2226,0.022827065
2296,0.0341731
2366,0.05035311
2436,0.052056108
2506,0.051013395
2576,0.039988857
2646,0.030235998
2716,0.02972704
2786,0.045297682
2856,0.10044693
2926,0.14808185
2996,0.16624308
3066,0.14756148
3136,0.10240022
3206,0.08853113
3276,0.07541954
3346,0.08069935
3416,0.062038723
3486,0.043719437
3556,0.032622363
3626,0.03601567
3696,0.03573
3766,0.031689752
3836,0.02390525
3906,0.016418025
3976,0.017732035
4046,0.021735929
4116,0.02699657
4186,0.037625093
4256,0.036493726
4326,0.03274902
4396,0.026817394
4466,0.026712717
4536,0.041288216
4606,0.049826454
4676,0.056633618
4746,0.045395147
4816,0.03194031
4886,0.023416026
57,0.005232904
127,0.007023115
197,0.011950896
267,0.013100405
337,0.017846344
407,0.013450757
477,0.011638395
547,0.008543092
617,0.0233794
687,0.029039538
757,0.031090045
827,0.023374379
897,0.029736971
967,0.030582324
1037,0.021964075
1107,0.009451906
1177,0.007699693
1247,0.009851453
1317,0.011295843
1387,0.012236548
1457,0.016282586
1527,0.019486504
1597,0.013520989
1667,0.010334571
1737,0.007632141
1807,0.013753901
1877,0.029799992
1947,0.05654946
2017,0.06198812
2087,0.052902926
2157,0.029828576
2227,0.03445485
2297,0.035779316
2367,0.040175922
2437,0.047655527
2507,0.04257052
2577,0.030698514
2647,0.010719578
2717,0.010168894
2787,0.025044419
2857,0.052692305
2927,0.06996936
2997,0.07983207
3067,0.064293854
3137,0.04678972
3207,0.038646545
3277,0.0482021
3347,0.06287257
3417,0.056496933
3487,0.042579625
3557,0.028404891
3627,0.040201668
3697,0.052020475
3767,0.060423836
3837,0.043835822
3907,0.02874794
3977,0.032559667
4047,0.03780525
4117,0.03885832
4187,0.03319138
4257,0.027844233
4327,0.025133647
4397,0.027084054
4467,0.038731407
4537,0.070051916
4607,0.09605307
4677,0.10977753
4747,0.10907683
4817,0.07979253
4887,0.060010284
58,0.012947689
128,0.021237822
198,0.028344816
268,0.02277757
338,0.019383624
408,0.013492809
478,0.015968544
548,0.019474728
618,0.024416625
688,0.021448059
758,0.017766701
828,0.014356039
898,0.021969723
968,0.02356415
1038,0.022531042
1108,0.013901104
1178,0.010929484
1248,0.014683552
1318,0.021645106
1388,0.026462933
1458,0.02545659
1528,0.021177433
1598,0.012479675
1668,0.007736204
1738,0.006464716
1808,0.01913731
1878,0.035553712
1948,0.07001396
2018,0.07978012
2088,0.08165198
2158,0.05197708
2228,0.044301063
2298,0.031068979
2368,0.023117376
2438,0.026080182
2508,0.02603248
2578,0.027137684
2648,0.012220241
2718,0.010648146
2788,0.015981387
2858,0.03313906
2928,0.03806861
2998,0.0382382
3068,0.028103821
3138,0.025929438
3208,0.024139443
3278,0.030610865
3348,0.03252034
3418,0.037022848
3488,0.027526328
3558,0.024320694
3628,0.04456969
3698,0.07219063
3768,0.09713449
3838,0.08023404
3908,0.060105246
3978,0.05515952
4048,0.05513141
4118,0.05101767
4188,0.04016605
4258,0.034970913
4328,0.03371669
4398,0.032751992
4468,0.05491145
4538,0.096992664
4608,0.1370257
4678,0.1438101
4748,0.13498114
4818,0.09473943
4888,0.07209455
59,0.015139744
129,0.024938963
199,0.030787943
269,0.020945309
339,0.014609084
409,0.017204626
479,0.036933966
549,0.050753336
619,0.047292113
689,0.02706994
759,0.011643226
829,0.008472284
899,0.020438056
969,0.026352173
1039,0.027708448
1109,0.019609684
1179,0.014641087
1249,0.031185979
1319,0.042862017
1389,0.050359577
1459,0.03343551
1529,0.020076228
1599,0.011084328
1669,0.008078863
1739,0.011525534
1809,0.028696852
1879,0.049531177
1949,0.08600817
2019,0.08807948
2089,0.08626049
2159,0.04879162
2229,0.034567147
2299,0.015822796
2369,0.010604666
2439,0.014437091
2509,0.028134912
2579,0.030001014
2649,0.022050167
2719,0.008800745
2789,0.006536342
2859,0.012440305
2929,0.015832623
2999,0.020449577
3069,0.025281675
3139,0.03457437
3209,0.033503745
3279,0.03702228
3349,0.029221311
3419,0.030578181
3489,0.015015945
3559,0.014124473
3629,0.05000186
3699,0.09540632
3769,0.1304021
3839,0.10401551
3909,0.06884413
3979,0.04723328
4049,0.03886869
4119,0.033868764
4189,0.026276147
4259,0.023880934
4329,0.021236064
4399,0.021182327
4469,0.04762882
4539,0.084629156
4609,0.117393725
4679,0.1201159
4749,0.11444182
4819,0.0852448
4889,0.0676913
60,0.01039729
130,0.019653857
200,0.025458315
270,0.022246609
340,0.0200549
410,0.02510628
480,0.043125317
550,0.056602288
620,0.049468603
690,0.02754165
760,0.007607909
830,0.007998682
900,0.019684935
970,0.024114147
1040,0.024016103
1110,0.016725438
1180,0.016658982
1250,0.03987612
1320,0.05816037
1390,0.061469104
1460,0.03401987
1530,0.013357927
1600,0.008642435
1670,0.011573237
1740,0.020047903
1810,0.035541587
1880,0.07244431
1950,0.11456978
2020,0.11683219
2090,0.09092897
2160,0.04043212
2230,0.022032285
2300,0.011533897
2370,0.010684176
2440,0.014278848
2510,0.032291118
2580,0.037197765
2650,0.030860178
2720,0.008917845
2790,0.001481717
2860,0.004377658
2930,0.009064612
3000,0.010995937
3070,0.018519543
3140,0.036820922
3210,0.045262273
3280,0.04731934
3350,0.027175171
3420,0.029508183
3490,0.045886353
3560,0.066726394
3630,0.10222053
3700,0.11657382
3770,0.1339476
3840,0.10168821
3910,0.07142718
3980,0.041153755
4050,0.029940128
4120,0.023859391
4190,0.02423027
4260,0.023229776
4330,0.019825025
4400,0.015565644
4470,0.03093241
4540,0.054074228
4610,0.075407855
4680,0.07472926
4750,0.061924193
4820,0.047223523
4890,0.042337995
61,0.002770309
131,0.005623766
201,0.0077071
271,0.012777231
341,0.017449522
411,0.024723187
481,0.038311776
551,0.050057817
621,0.0442043
691,0.026207408
761,0.008259068
831,0.012263611
901,0.023972014
971,0.025006136
1041,0.018756134
1111,0.008197026
1181,0.010114626
1251,0.0337695
1321,0.056201536
1391,0.06198703
1461,0.039655603
1531,0.017223572
1601,0.010559016
1671,0.014184263
1741,0.03402996
1811,0.05297521
1881,0.09377694
1951,0.113883704
2021,0.10067182
2091,0.05750789
2161,0.016116805
2231,0.00913609
2301,0.008451303
2371,0.008275109
2441,0.008647266
2511,0.024488138
2581,0.032455225
2651,0.030021885
2721,0.011065598
2791,0.002978095
2861,0.007149093
2931,0.011238631
3001,0.012410293
3071,0.013739658
3141,0.025862182
3211,0.03938162
3281,0.05169343
3351,0.044777572
3421,0.051974267
3491,0.08827748
3561,0.12815021
3631,0.1559272
3701,0.14192021
3771,0.11853194
3841,0.07501533
3911,0.04332888
3981,0.024274172
4051,0.018158844
4121,0.016507192
4191,0.013707262
4261,0.011286288
4331,0.005620992
4401,0.007824832
4471,0.01406838
4541,0.02344879
4611,0.027578859
4681,0.03546116
4751,0.039340634
4821,0.038627714
4891,0.03422409
62,0.000578254
132,0.000533735
202,0.002496655
272,0.012281131
342,0.018573267
412,0.018869875
482,0.014896777
552,0.018215641
622,0.018359749
692,0.015467693
762,0.007444143
832,0.011290509
902,0.020380827
972,0.020469433
1042,0.015583571
1112,0.007554962
1182,0.011348109
1252,0.024320237
1322,0.04858394
1392,0.054966014
1462,0.042516768
1532,0.019773839
1602,0.0150549
1672,0.028402371
1742,0.048912168
1812,0.06677338
1882,0.0920028
1952,0.09573559
2022,0.07835198
2092,0.04163454
2162,0.014410391
2232,0.008862868
2302,0.007571224
2372,0.007363437
2442,0.009150295
2512,0.01709759
2582,0.031909842
2652,0.033327013
2722,0.026713626
2792,0.018063571
2862,0.023217803
2932,0.022174025
3002,0.015196971
3072,0.006466061
3142,0.012677063
3212,0.032740798
3282,0.048388448
3352,0.05282849
3422,0.06515659
3492,0.11273231
3562,0.16050528
3632,0.16945648
3702,0.13254288
3772,0.0827406
3842,0.04156125
3912,0.022049302
3982,0.026480699
4052,0.029636199
4122,0.026662111
4192,0.013445515
4262,0.008443073
4332,0.002777778
4402,0.000303582
4472,0.001063463
4542,0.008389852
4612,0.016834373
4682,0.03070213
4752,0.035941176
4822,0.033508513
4892,0.025196312
63,0.00077333
133,0.000718352
203,0.002845989
273,0.009114957
343,0.011066268
413,0.010382499
483,0.005622834
553,0.010738415
623,0.01145982
693,0.011503105
763,0.004373026
833,0.004778764
903,0.008382876
973,0.012658265
1043,0.019795235
1113,0.020281678
1183,0.018011475
1253,0.015106608
1323,0.031707864
1393,0.041449014
1463,0.03742368
1533,0.025000786
1603,0.02238027
1673,0.045090172
1743,0.064994134
1813,0.080751486
1883,0.07712718
1953,0.062379345
2023,0.040590454
2093,0.020560374
2163,0.005615558
2233,0.002628977
2303,0.000795697
2373,0.000992006
2443,0.003045827
2513,0.00629673
2583,0.018124437
2653,0.025891902
2723,0.029608613
2793,0.027092366
2863,0.028069474
2933,0.023727633
3003,0.015794387
3073,0.006167437
3143,0.004117948
3213,0.017461494
3283,0.031196838
3353,0.04584253
3423,0.057929892
3493,0.08135263
3563,0.1091328
3633,0.10461236
3703,0.08040998
3773,0.038973942
3843,0.016554382
3913,0.006419741
3983,0.017732596
4053,0.02257134
4123,0.021768173
4193,0.00855158
4263,0.003516525
4333,0
4403,0.003105416
4473,0.007337519
4543,0.015270765
4613,0.020564118
4683,0.03308627
4753,0.03209747
4823,0.02508759
4893,0.009722223
64,0.003654157
134,0.003964492
204,0.005311329
274,0.00509289
344,0.004622341
414,0.005327459
484,0.00376136
554,0.008380841
624,0.009456667
694,0.008820038
764,0.004156254
834,0.000757499
904,0.004637217
974,0.011657556
1044,0.026640182
1114,0.030199992
1184,0.026573727
1254,0.019273276
1324,0.025993587
1394,0.03419304
1464,0.029473266
1534,0.02552027
1604,0.025255322
1674,0.048594225
1744,0.059707124
1814,0.06414042
1884,0.04889525
1954,0.04339042
2024,0.033588197
2094,0.026590006
2164,0.010543123
2234,0.004800915
2304,0.000927587
2374,0.000970872
2444,0.002741143
2514,0.003149309
2584,0.010722763
2654,0.018511014
2724,0.029268721
2794,0.029650664
2864,0.026663542
2934,0.015876625
3004,0.007888402
3074,0.000880079
3144,0.000163483
3214,0.005214247
3284,0.008323277
3354,0.01480014
3424,0.022707216
3494,0.03388345
3564,0.042189393
3634,0.03413595
3704,0.022173403
3774,0.007566785
3844,0.002564342
3914,0.003019407
3984,0.011870991
4054,0.015089545
4124,0.012400373
4194,0.003448491
4264,0.000164501
4334,0.002312253
4404,0.010292377
4474,0.017324409
4544,0.025017044
4614,0.02957884
4684,0.035134394
4754,0.025205405
4824,0.012587588
4894,0
65,0.004725914
135,0.004763025
205,0.004513187
275,0.001312584
345,0.0006763
415,0.002618302
485,0.004767072
555,0.011147943
625,0.020136664
695,0.026107423
765,0.02404624
835,0.016250102
905,0.01384961
975,0.015965557
1045,0.02603469
1115,0.025231525
1185,0.020162627
1255,0.014743418
1325,0.018943928
1395,0.03406827
1465,0.034197755
1535,0.03912729
1605,0.036644522
1675,0.051199824
1745,0.05685097
1815,0.05133969
1885,0.034119915
1955,0.025478974
2025,0.028021162
2095,0.028759912
2165,0.021067278
2235,0.014533597
2305,0.01260227
2375,0.011951111
2445,0.012349964
2515,0.011340031
2585,0.011274595
2655,0.015595303
2725,0.025567362
2795,0.024603704
2865,0.016040433
2935,0.00259615
3005,0.000804184
3075,0.000164501
3145,0.00014235
3215,0.000232257
3285,0.001050168
3355,0.003465881
3425,0.006479701
3495,0.006595612
3565,0.004310773
3635,0.001250331
3705,0.000272205
3775,0.000207786
3845,0.00014235
3915,6.65E-05
3985,0
4055,0.001818513
4125,0.002062178
4195,0.002832518
4265,0.001708449
4335,0.005090031
4405,0.013764598
4475,0.020731194
4545,0.025504716
4615,0.031642057
4685,0.03661291
4755,0.028236287
4825,0.012654043
4895,2.22E-05
66,0.004551755
136,0.004664763
206,0.004315645
276,0.000919965
346,0.000839784
416,0.004909421
486,0.009922539
556,0.018939858
626,0.03204754
696,0.039227117
766,0.034245595
836,0.020508902
906,0.014066839
976,0.012569229
1046,0.014229088
1116,0.010386615
1186,0.008714045
1256,0.01125333
1326,0.014381458
1396,0.03314491
1466,0.045338664
1536,0.05825281
1606,0.05431232
1676,0.048986226
1746,0.04095363
1816,0.028410316
1886,0.01681153
1956,0.015346203
2026,0.0271578
2096,0.03255884
2166,0.027425526
2236,0.016221797
2306,0.012199192
2376,0.012242477
2446,0.014325812
2516,0.013391771
2586,0.013638124
2656,0.019912371
2726,0.036112282
2796,0.037330713
2866,0.024696728
2936,0.005002444
3006,0
3076,0.000386014
3146,0.000386014
3216,0.000408166
3286,8.86E-05
3356,0.000284699
3426,0.000479775
3496,0.000545212
3566,0.001843785
3636,0.002563155
3706,0.002931156
3776,0.001547246
3846,0.000610648
3916,0.000110757
3986,0.000329217
4056,0.002049683
4126,0.002293348
4196,0.002734471
4266,0.001708449
4336,0.005090031
4406,0.01073508
4476,0.014923897
4546,0.015465316
4616,0.0225593
4686,0.026075827
4756,0.021931311
4826,0.00842194
4896,2.22E-05
67,0.001409182
137,0.001332269
207,0.001200378
277,0.000512817
347,0.003617562
417,0.008817331
487,0.014044277
557,0.020261668
627,0.030776815
697,0.039556686
767,0.034816787
837,0.022596246
907,0.011464237
977,0.006783736
1047,0.003299821
1117,0.000249838
1187,0.000151791
1257,0.006392219
1327,0.013632037
1397,0.03798467
1467,0.0590694
1537,0.077174835
1607,0.071042255
1677,0.060991857
1747,0.04454853
1817,0.029997008
1887,0.015544548
1957,0.012536832
2027,0.02699432
2097,0.03266858
2167,0.03113734
2237,0.017872434
2307,0.014357403
2377,0.01518272
2447,0.017338147
2517,0.023358917
2587,0.035443973
2657,0.04885285
2727,0.060117092
2797,0.05194741
2867,0.03152199
2937,0.009103674
3007,0
3077,0.000386014
3147,0.000537805
3217,0.000559957
3287,0.000173942
3357,0.00022892
3427,0.000206769
3497,0.000316508
3567,0.001473533
3637,0.00251987
3707,0.003869789
3777,0.003601722
3847,0.002631281
3917,0.00219574
3987,0.001648709
4057,0.00295055
4127,0.002081492
4197,0.002227241
4267,0.001543948
4337,0.002985564
4407,0.003810881
4477,0.005894214
4547,0.005686429
4617,0.013456992
4687,0.015584628
4757,0.01432763
4827,0.005037305
4897,0.00013189
68,0.000729614
138,0.001198128
208,0.001175977
278,0.00283553
348,0.008500824
418,0.015251949
488,0.018331358
558,0.01940374
628,0.020179383
698,0.022460582
768,0.016512215
838,0.009061343
908,0.00150766
978,0.000227687
1048,0.000227687
1118,0.001486936
1188,0.002920128
1258,0.008687756
1328,0.015838968
1398,0.039656006
1468,0.06629406
1538,0.090130724
1608,0.08497762
1678,0.07061704
1748,0.046790835
1818,0.031576965
1888,0.018447958
1958,0.01715835
2028,0.026699962
2098,0.02891369
2168,0.024670115
2238,0.012459442
2308,0.008954872
2378,0.011213381
2448,0.01634609
2518,0.024558306
2588,0.04148261
2658,0.053357523
2728,0.061703246
2798,0.050743807
2868,0.032216437
2938,0.011957346
3008,0.000694444
3078,0.000265816
3148,0.000484061
3218,0.000484061
3288,0.000218245
3358,0.000206769
3428,0.000206769
3498,0.000316508
3568,0.001890123
3638,0.003980693
3708,0.007458146
3778,0.009160667
3848,0.007778576
3918,0.01158717
3988,0.008718398
4058,0.008075354
4128,0.000679569
4198,6.54E-05
4268,7.59E-05
4338,0.000283682
4408,0.000414555
4478,0.001727548
4548,0.001519762
4618,0.004937007
4688,0.004307999
4758,0.004549629
4828,0.001001511
4898,0.00024163
69,0.001317093
139,0.002234221
209,0.001984383
279,0.003739732
349,0.008910354
419,0.013512709
489,0.013662334
559,0.010037088
629,0.007117978
699,0.009568789
769,0.009181216
839,0.0079232
909,0.002956767
979,0.000566561
1049,0.00077034
1119,0.002920128
1189,0.004353319
1259,0.009953178
1329,0.016831169
1399,0.037703548
1469,0.060951535
1539,0.09086082
1609,0.095681645
1679,0.08527007
1749,0.05677182
1819,0.034528684
1889,0.018935636
1959,0.014096675
2029,0.021713413
2099,0.022835122
2169,0.02102421
2239,0.011629168
2309,0.012135728
2379,0.012809038
2449,0.016941255
2519,0.028241938
2589,0.05390039
2659,0.06292558
2729,0.064593196
2799,0.043750092
2869,0.028876625
2939,0.010742401
3009,0.001454325
3079,0.000154042
3149,0.002390964
3219,0.002753809
3289,0.002665204
3359,0.000559155
3429,0.000326967
3499,0.00050316
3569,0.001040965
3639,0.00544812
3709,0.013661731
3779,0.019414453
3849,0.01606591
3919,0.015071894
3989,0.00895756
4059,0.007790439
4129,0.00060244
4199,0.000317525
4269,0.000305833
4339,0.000305833
4409,0.000414555
4479,0.001033103
4549,0.000825317
4619,0.001388889
4689,0.001067965
4759,0.001353897
4829,0.000659452
4899,0.000285932
70,0.002068056
140,0.003237488
210,0.002759963
280,0.004557364
350,0.007099226
420,0.009811566
490,0.008725737
560,0.005794935
630,0.003627003
700,0.006427148
770,0.008460551
840,0.008614807
910,0.004327728
980,0.000905436
1050,0.001464785
1120,0.004429215
1190,0.005862407
1260,0.01076782
1330,0.014671938
1400,0.031100014
1470,0.05446887
1540,0.09133494
1610,0.10889802
1680,0.0973574
1750,0.0640616
1820,0.034214955
1890,0.019695517
1960,0.013347468
2030,0.01679754
2100,0.015692333
2170,0.015325069
2240,0.009598563
2310,0.012895607
2380,0.011983722
2450,0.015957274
2520,0.023500336
2590,0.046300594
2660,0.052709177
2730,0.058158312
2800,0.039144322
2870,0.027544254
2940,0.008757114
3010,0.002214206
3080,0.000308084
3150,0.004411891
3220,0.005137582
3290,0.004960372
3360,0.000856564
3430,0.000392188
3500,0.000569398
3570,0.001490165
3640,0.008975327
3710,0.02145476
3780,0.028953219
3850,0.022800913
3920,0.016515939
3990,0.00820645
4060,0.00652571
4130,0.000569614
4200,0.000504178
4270,0.00053577
4340,0.000120198
4410,7.59E-05
4480,0
4550,0
4620,0
4690,0.000681604
4760,0.0009021
4830,0.0009021
4900,0.000220496
